ID,Name,Sku,Barcode,ISBN
82692,"The Bas Mitzvah In Halachah",9798886733495,,9798886733495
82690,"Sefer Archos Yosher Al Tefillah",LA471,,
81814,"Triumph Of Light",IBSLA565,,9798886733518
81813,"Ribbis In The Business World",IBSLA562,,
81812,"Get The Ball To Fall",IBSC798,9798886733457,
81811,"Middos Man - Volume 9",IBSC797,9798886733419,
81689,"Exploring The Wondrous World Of Bizarre Beasts",IBSLA564,,
81677,"Yardsticks - Soft Cover",IBSLA233A,978-1-60091-954-1,9781600918766
81676,"Upper Class - Soft Cover",IBSLA455A,,9798886732771
81675,"Stargazing - Soft Cover",IBSL880A,979-8-88673-353-2,9798886733532
81673,"Out Of Step - Soft Cover",IBSLA256A,979-8-88673-294-8," 9798886732948"
81672,"Long Story Short - Soft Cover",IBSLA387A,979-8-88673-348-8,9798886733488
81534,"Yesodos Amira L'akum And Mimtzo Cheftzecha",IBSLA558,979-8-88673-343-3,9798886733433
81532,"Stories Told By Rav Kalman Krohn - Volume 4",IBSLA556,9798998825354,9798998825354
81529,"Look Both Ways",IBSLA557,9798886733501," 9798886733501"
81527,"Dudi & Udi And The Boy From The Yarden River",IBSC786T,979-8-88673-336-5,9798886733365
81524,"A Life Renewed",IBSLA559,9798886733310,9798886733310
80501,"Divrei Yaakov - Bereishis / Sichos Chizuk",LA555,,
80363,"Pocket Halacha: Halachos of Spiritually Harmful Foods",9781680250404,,978-1-68025-040-4
80361,"Dreams Delayed - Softcover Novel",L762A,979-8-88673-293-1,979-8-88673-293-1
80308,"V'Higadeta-The Moadim Series - 4 Volume Set",LA499T,9798886732863,
80257,"Sukkos And Hallel Based On The Maharal",IBSLA552,979-8-88673-335-8,9798886733358
80256,"Live Your Life By Design, Not By Default",IBSLA549,9798886733402,9798886733402
80253,"Bo'ee Kallah",IBSLA553,9798886733334,9798886733334
80222,"Matnas Chaim - Yamim Noraim",HSS1463,34595195463,
79911,"The Maybe Last Year",IBSLA554,9798886733303,9798886733303
79910,"Picture This",IBSLA551,9798886733396,9798886733396
79909,"Home Ground",IBSLA550,979-8-88673-325-9,9798886733259
79843,"Sholom Mordechai Rubashkin: The Inside Story - Teen Edition",C795,9798886733440," 9798886733440"
79842,"Who Made The World?",IBSC784,9798886733174,9798886733174
79826,"Kid Stories Tales Of Tzaddkim For Kids - Volume 3",IBSC790,9781680920291,
79549,"A Tale Of Two Shoes",C781,9798886733143,9798886733143
79548,"A Fine Line",LA523,9798886732986,9798886732986
79507,"The Four Chocolatiers Book #1: Henny's Sticky Situation",C785,9798886733266,9798886733266
79471,"I Have Perseverance",C782,9798886733167,9798886733167
79435,"I Believe In Me",C783,9798886733136,9798886733136
77258,"Toldos Hagaon Hakadosh Rabbi Menachem Ziemba",LA504A,,
76961,"The Balabusta's Daily Organizer 25-26 - Desktop Edition",LA527,9798886733198,9798886733198
76960,"The Balabusta's Daily Organizer 25-26 - Pocket Edition",LA526,9798886733204,9798886733204
76339,"The Rav Miller Siddur - Shmoneh Esreh - Nussach Sfard",LA521,,
76338,"The Rav Miller Siddur - Shmoneh Esreh - Nussach Ashkenaz",LA520,,
76143,"Nesivos Shalom: Shabbos In The Parshah",9798886733150,,9798886733150
76137,"Earning Eretz Yisroel",9798899015595,,9798899015595
76135,"Jamilla - Softcover",IBSLA212A,9798886732917,9798886732917
75552,"Rocking Horse",IBSLA282A,9798886732825,9798886732825
75332,"The Impersonator",IBSLA515,9798886732993,9798886732993
75331,"Simi's First Siddur",IBSC780,9798886732979,9798886732979
75330,"Asarah Devarim - The 10 Commandments Of Speech",IBSLA518,9798886733006,9798886733006
75031,"Matnas Chelkoh- Chovos Halevavos-Sha'ar Avodas HaElokim",LA485,,
74930,"Chananya, Mishael, And Azaryah",IBSC779,979-8-88673-275-7,9798886732757
74929,"Bris Milah In Halachah",IBSLA516,978-965-597-301-3,9789655973013
74927,"The Halachic Guide For Travel & Vacation",IBSLA512,979-8-88673-223-8,9798886732238
74806,"Story Tyme USB- Lag Ba'omer & Shavuos",IBSGUSBLBS,G-USB-LBS,
74530,"Story Tyme with Rabbi Juravel - The Pesach Collection - USB",IBSGUSBPE,8-50026-71295-7,
74371,"Human Shield Part 2",IBSLA501T,9798886731880,
74315,"Rav Daniel Alter Haggadah - Nitzutz Echad",IBSLA514,9789655972443,
74181,Wavelengths,IBSLA498,9798886732870,9798886732870
74176,"The Legacy of The Kopygzynitzer Rebbe",IBSLA513,LA513,9798886732764
73952,"Checkmate in Turkish",IBSC772,9781680919806,
73951,"Communist Shadows",IBSC771,9781680918366,
73950,"Complaint Valley",IBSC770,9781680918632,
73949,"Elitzur's Diary in Egypt",IBSC764T,979-8-88673-281-8,
73948,"First Aid for a Successful Marriage",IBSLA500T,979-8-88673-240-5,
73947,"Gedolei Hadoros #1 - The Baal Shem Tov",IBSC769,,
73946,"Haggadah for Young Children",IBSC778,979-8-88673-271-9,
73945,"Human Shield Part 1",IBSLA493T,9798886731873,
73944,"Star- K Pesach Guide 2025",IBSLA511,979-8-88673-279-5,
73943,"Sunrise Sunset",IBSC775,9781680919714,
73942,"The Power Struggle",IBSC773,9781680919509,
73941,"Tunisian Tango!",IBSC765,,
73940,Vanished!,IBSC774,9781680919622,
73919,"23 Under 1 Roof - Volume. 13:  A Storm of Surprises",IBSC760T,9798886731934,
73918,"A Dress for a Princess",IBSC758,IBSC758,
73917,"Aderaba: Avoid Arguments. Flee from Fights!",IBSC761T,IBSC761T,
73916,"Alcatraz Volume 3",IBSC755,IBSC755,
73915,"Double Trouble",IBSC763T,IBSC763T,
73914,"Eye Opening",IBSLA491T,LA491T,
73913,"Hilchos Ma'aser Kesafim",IBSLA482,9798886732641,
73912,"Huvi is a Winner",IBSC759,9798886732580,
73911,"Kinderland Castle: Princess Hadassah Malka and Her Royal Crown",IBSC757,,
73910,"Last One Standing",IBSLA488,LA488,
73884,"On Paper",IBSLA489,9798886732276,
73883,"Power Tools",IBSLA483,9798886732177,
73882,"Sefer Tefillah B'tzibur",LA487,,
73881,"The Foundation of the Home",IBSLA486,LA486,
73879,"The Story of Reb Shayele of Kerestir",IBSC754,IBSC754,
73878,"The Taffy Twins' Toy Store Adventure",IBSC756,IBSC756,
73877,"V'Higadeta - Megillas Esther",IBSLA490T,LA490T,
73869,"House Of Cards",IBSLA496,LA496,9798886732740
73868,"Breaking Open",IBSLA497,LA497,9798886732788
73463,"Tishrei Tyme with Rabbi Juravel - USB",G-USB-TISH,,
72366,"Story-Tyme with Rabbi Juravel USB - The Chanukah Collection",IBSGUSBCHA,G-USB-CHA,
72365,"Rabbi Kalman Krohn Chanukah - USB",U405-USB,,
72364,"Full Size Metsudah Chumash Volume 1 Bereishis",IBSM146A,,
72363,"Dirshu Mishna Berurah - 6 Volume Set",IBSL656C,IBSL656B,
71841,"Middos Malka Book & CD - Volume 4",IBSC751,C751,979-8-88673-244-3
71839,"Chaim Zalman And His Best Friend Kalman - Make The Grade",IBSC749,C749,9798886732498
71838,"Don't Stare If You Care",IBSC748,ISBC748,9798886732504
71825,"Alcatraz - Volume 2",IBSC750,C750,9798886732290
71824,"The Ben Ish Chai's Guarantee",IBSC752,C752,9798886732221
71823,"Master Of Hidden Worlds - Rav Yitzchak Kaduri",IBSC753,C753,9798886732245
71692,"Meiras Einayim - 2 Volume Set",IBSLA460,7591,
71691,"Moed L'Dovid Volume 2 Elul-Purim",IBSLA461A,,
71690,"Moed L'Dovid - 2 Volume Slipcased Set",IBSLA462A,,
71646,"Chinuch Tidbits",IBSLA480,LA480,9798886732474
71428,"Stories Told By Rav Kalman Krohn - Volume 3",IBSLA479,LA479,9798886732528
71379,"Ziv Hadeah - Hilchos Mezuzah",IBSLA481,LA481,9798886732252
71252,"Music In Halachah",IBSLA478,LA478,9798886732511
71251,"It's All Hers!",IBSLA475,LA475,9798886732269
71250,"Chaimkel The Dreamer",IBSC746,IBSC746,9798886732481
70829,"Hidden Loyalties",IBSLA472,LA472,979-8-88673-221-4
70828,"That's Just The Think!",IBSLA477,LA477,979-8-88673-246-7
70827,"The Path Of Life - New Edition",IBSLA476,78410009210,978-1-931681-31-5
70719,"Kidney Donations In Halachah",IBSLA473,IBSLA473,9798886732184
70718,"Hilchesa Limeshicha",IBSLA474,,
70717,"Sefer Chofetz Chaim - English Translation - Pocket Size - Soft Cover",IBSL866A,IBSL866A,9781600914980
70716,"Sefer Chofetz Chaim - English Translation - Pocket Size - Hardcover",IBSL867A,IBSL867A,9781600914997
70279,"Rabbi Kalman Krohn - USB - Rosh Hashanah, Yom Kippur And Sukkos",IBSU404USB,U404-USB,198168370452
70177,"Musawi-Soft Cover",IBSL428A,L428A,9781600919558
70175,"The Sefer Torah Encyclopedia",IBSLA467A,LA467A,9798988574217
70147,"The Laws Of Yamim Noraim And Succos",LA469,,
70146,"Driving Force",IBSLA463T,LA463T,9798886731897
70145,"I Lift My Eyes",IBSLA464T,LA464T,9798886731828
70123,"Alcatraz Volume 1",IBSC739,IBSC739,9798886732139
70122,"The Rogatchover",IBSLA468,LA468,9798886732054
70031,"Tilly The Tower Builder",IBSC741,IBSC741,9798886732108
70017,"The Prince In Danger",IBSC742,IBSC742,9789657809242
70016,"Stories For Motza'ei Shabbos",IBSLA445T,IBSLA445T,9798886731910
70015,"Sincerely Yours",IBSC735T,IBSC735T,9798886731811
70014,"Short But Lived",IBSLA465,IBSLA465,9798886732160
70013,"Hidden Treasures - Volume 4",IBSLA443T,IBSLA443T,9789659013142
70012,"Hidden Treasures - Volume 3",IBSLA442T,IBSLA442T,"9789659013135 "
70011,"Hidden Treasures - Volume 2",IBSLA441T,IBSLA441T,9789659007394
70010,"Feathers In The Wind",IBSLA466,IBSLA466,9798886732191
70009,"Caring & Sharing With Rina & Dina",IBSC740,IBSC740,9798886732146
69995,"Tehillim Ohel Leah Leatherette - New Edition - White",IBSLA450,,
69994,"Tehillim Ohel Leah Leatherette - New Edition - Brown",IBSLA449,,
69944,"Gems from the Nesivos Shalom: Path to Middos and Kedushah",IBSLA454,IBSLA454,979-8-88673-212-2
69943,"Danger in the Woods",IBSC734,9798886732153,979-8-88673-215-3
69917,"Timeless Tales - Elul Comics",IBSC729T,9798886731941,9798886731941
69916,"The Travel Egg",IBSC733T,9798886732085,9798886732085
69915,"Middos Man Volume 8",IBSC728,9798886731781,9798886731781
69914,"Treasures Of Jewish Wisdom - Pirkei Avos Nezer Hada'as",LA444T,,9789659013166
69913,"Fault Lines",IBSLA447T,9798886731668,9798886731668
69774,"The Married Woman's Personal Calendar - 5785",LA459,,
69773,"The Balabusta's Daily Organizer 24-25 - Pocket Edition",IBSLA451,9798886731996,979-8-88673-199-6
69772,"The Balabusta's Daily Organizer - 24-25 - Desktop Edition",IBSLA452,9798886731989,979-8-88673-198-9
69747,"70 Days Of Chizuk",9798886731477,78410004290," 979-8-88673-147-7"
69746,"Eli's Big Graduation",IBSC727,C727,979-8-88673-176-7
69721,"Holiness In The Holocaust",IBSLA439,LA439,979-8-88673-207-8
69691,"Within My Walls",IBSLA438,LA438,979-8-88673-201-6
69605,"Sefer Chofetz Chaim With The Commentary Meor Yisroel",LA428A,,
69583,"Hospitals and Refuah",IBSLA436,LA436,979-8-88673-195-8
69573,"Stories Told By Rav Kalman Krohn - Volume 2",IBSLA434A,9798886731965,979-8-88673-196-5
69567,"Sholom Mordechai Rubashkin: Emunah, Bitachon, Geulah! - HEBREW",IBSLA433,LA433,979-8-88673-175-0
69552,"FAQ's in Kashrus",IBSLA435,LA435,979-8-88673-177-4
69163,"Living The Haggadah",IBSLA426,LA426,979-8-88673-171-2
69162,"Good Kids Volume 1",IBSC725T,C725T,979-8-88673-167-5
69161,"Hillel And The Paper Menschies",IBSC711,C711,979-8-88673-159-0
69158,"Chazon Ish Emunah And Bitachon",LA425,,
69157,Chevron,IBSLA414,9798886731705,979-8-88673-170-5
69156,"Shades Of Normal",IBSLA413,9798886731699,979-8-88673-169-9
68867,"Parsha Tyme with Rabbi Juravel USB- Sefer Vayikra",IBSGUSBVA,G-USB-VA,
68865,"The Trepid Trilogy #3: The Ultimate Victory",IBSLA412,LA412,979-8-88673-158-3
68858,"Debbie, It's All a Gift",IBSLA415,LA415,979-8-88586-191-5
68853,"Star- K Pesach Guide 2024",LA424,,979-8-88673-168-2
68744,"Yesodos Hechsher Keilim and Hafrashas Challah",IBSLA410,LA410,979-8-88673-153-8
68743,"The Story of The Chazon Ish",IBSC719,C719,979-8-88673-157-6
68741,"The Black Sheep",IBSLA411,LA411,979-8-88673-156-9
68740,"Mastering Your Mind",IBSLA408,LA408,979-8-88673-148-4
68739,"Haggadah For Teens",IBSLA409,LA409,979-8-88673-150-7
68645,"What Makes Me Special?",IBSC718,C718,979-8-88673-1552
68644,"Tales Out of Middos Town #3: Mr. Farginner & Mr. Mekaneh",IBSC716,C716,979-8-88673-154-5
68641,"King Shlomai - The House of Pleasures - Comic",IBSC713T,C713T,979-8-88673-110-1
68640,"Go for the Gold - Comic",IBSC717,C717,979-8-88673-151-4
68639,"Every Family is Special",IBSC714,C714,979-8-88673-152-1
68638,"A Legacy of Leaders - Children's Edition",IBSC715,C715,979-8-88673-146-0
68534,"Mi'shibud L'geulah",IBSLA407,,
68525,"Story Tyme with Rabbi Juravel - The Purim Collection USB",IBSGUSBPU,G-USB-PU,
68524,"Rav Mattisyahu Salomon Vaadim - Purim - USB",U311-USB,,
68523,"Molly's Fancy Hat",IBSC707,C707,979-8-88673-086-9
68522,"Cancer in Halachah",IBSLA402,LA402,979-8-88673-149-1
68288,"Sefer Harchavas Hada'as - Hilchos Basar B'Cholov",IBSLA403,,
68287,"Rav Mattisyahu Salomon Vaadim - Chinuch - USB",U310-USB,,
68170,"Am I My Body's Keeper?",IBSLA401T,LA401T,
68131,"Rav Mattisyahu Salomon Vaadim - English Series 2 - USB",U304-USB,,
68091,"The Bar Mitzvah",IBSLA396,LA396,979-8-88673-134-7
68090,"Rabbi Juravel Torah Trivia Match-Ups Game",C706,,
68062,"Parsha Tyme with Rabbi Juravel  Shemos Volume 1 (USB)",IBSGUSBSH1,195893035434,
68061,"Parsha Tyme with Rabbi Juravel Volume 2 - USB",IBSGUSBSH2,850026712193,
67917,"Rav Mattisyahu Salomon Vaadim - Shemos USB",U309-USB,,
67615,"Story Tyme With Rabbi Juravel - Stories Of Emunah - USB",IBSGUSBEMU,G-USB-EMU,
67614,"Story Tyme With Rabbi Juravel - Stories of Emunah - CD",IBSGST28,G-ST28,
67613,"Rays of Illumination",IBSLA392,LA392,979-8-88673-145-3
67612,"Gems From the Nesivos Shalom: Path to Emunah",IBSLA395A,LA395A,979-8-88673-135-4
67522,You-Me-We,IBSC704,C704,979-8-88673-125-5
67521,"Shimon The Ship Shares The Sea",IBSC703,C703,979-8-88673-126-2
67520,"Middos Malka Book & CD - Volume 3",IBSC702,C702,979-8-88673-087-6
67519,"Halachos of Hired Help in the Home",IBSLA390,LA390,979-8-88673-131-6
67518,"Animal Zoo",IBSC705,C705,979-8-88673-103-3
67469,"The Trepid Trilogy #2 - Forward March",IBSLA386,9798886731293,979-8-88673-129-3
67461,"Long Story Short",LA387,9798886731309,979-8-88673-130-9
67228,"Stories Told By Rav Kalman Krohn",IBSLA385A,LA385,979-8-88673-133-0
67100,"Never Alone",IBSLA383,LA383,
67099,"My Essence is Tefillah",IBSLA382S,LA382,
67013,"Rav Mattisyahu Salomon Vaadim - Tshuvah & Bitachon - English Series 1 - USB",U306-USB,,
66498,"The Joy of Emunah",IBSLA378,LA378,979-8-88673-123-1
66495,"On The Loose",IBSC701,C701,979-8-88673-120-0
66494,"Heroes of Courage",IBSLA379,LA379,979-8-88673-124-8
66422,"Time Rock Volume 2 - Searching for Gold",IBSC700,C700,979-8-88673-113-2
66421,"The Trepid Trilogy #1 - Homeward Bound",IBSLA377,LA377,979-8-88673-0114-9
66420,"Shuls in Halachah",IBSLA376,LA376,979-8-88673-092-0
66388,"Kitzur Halachos 6 Volume Slipcased Set (Ziv Hamoadim)",IBSLA375,LA375,979-8-88673-115-6
66261,"Rav Mattisyahu Salomon Vaadim - Elul and Yamim Nora'im - USB",IBSU307USB,U307-USB,
66260,"Rav Mattisyahu Salomon Vaadim - Devarim - USB",IBSU305USB,U305-USB,
66258,"The Shrinking Wuzzy",IBSC697,C697,979-8-88673-100-2
66257,"Mr. Beep's Boxes",IBSC698,C698,979-8-88673-099-9
66256,"Mommy Davens for Me",IBSC696,C696,979-8-88673-102-6
66255,"Many Ways to See",IBSC695,C695,979-8-88673-112-5
66159,"Tales Out of Middos Town: Mr. Same'ach & Mr. Kvetch - Book & CD",IBSC687,9798886730890,979-8-88673-089-0
66158,"I Can Do It!",IBSC688,9798886730883,979-8-88673-088-3
66065,"Shamor V'zachor Illuminated",C689,,979-8-88673-074-6
66012,"Regards From Our Upstairs Neighbors",IBSLA353T,9798886730913,979-8-88673-091-3
66011,"Tefillah with Meaning",IBSLA358,9798886731019,979-8-88673-101-9
66010,"Building Bitachon",IBSLA359,9798886730951,979-8-88673-095-1
65946,"The Balabusta's Daily Organizer - '23-'24 - Desktop Edition",IBSLA362,,979-8-88673-098-2
65945,"The Balabusta's Daily Organizer 23-24 - Pocket Edition",IBSLA361,,979-8-88673-097-5
65696,"Holocaust Heroes and Heroines",IBSLA357,9798886730968,979-8-88673-096-8
65658,"The Practical Bris Milah Primer",IBSLA356,IBSLA356,979-8-88673-094-4
65485,"Hilchos Mezuzah",IBSLA354A,IBSLA354,
65225,"Compatible with Life",IBSLA349,9798886730753,9798886730753
65198,"The Amazing Nekudos Experience-Book and CD",IBSC686B,C686,
65197,"Rav Mattisyahu Salomon Vaadim - Vayikra and Bamidbar USB",U302-USB,U302-USB,
64665,"Timeless Tales: The Ben Ish Chai - Pesach",IBSC679T,9798886730418,
64664,"Landing On Ice",IBSC678FT,9798886730821,
64184,"Your Personal Pesach Planner",LA348,LA348,
64183,"Voices of Consolation",IBSLA341,9798886730838,"9798886730838 "
64181,"Star- K Pesach Guide 2023 - Rabbi Bess",9798886730807,9798886730807,"9798886730807 "
64180,"Not Easily Severed",IBSLA335T,9798886730524,9798886730524
64178,"Haggadah Shel PesachFoundations of Faith",IBSLA342,9798886730845,"9798886730845 "
64062,"613 Mitzvos Illustrated",IBSC676A,9798886730586,9798886730586
63892,"Follow Me",IBSLA334A,9798886730593,9798886730593
63679,"The Story of The Chida",IBSC668,9798886730517,979-8-88673-051-7
63678,"Tell Me The Truth!",IBSLA331,9798886730326,979-8-88673-032-6
63579,"Through Music And Song - Soft Cover",IBSL525A,81600911637,979-8-88673-038-8
63578,"Sisters Under Siege - Soft Cover",IBSL907A,9781600915987,979-8-88673-066-1
63577,"Run After (The Right) Kavod - Soft Cover",IBSL526A,81600911606,979-8-88673-067-8
63576,"Overcoming Burnout - Soft Cover",IBSL613A,81600912566,979-8-88673-063-0
63575,"Never Too Late - Soft Cover",IBSL693A,81600913334," 979-8-88673-064-7"
63574,"Diamond In The Rough - Soft Cover",IBSL436A,81600911026,979-8-88673-062-3
63541,"Timeless Tales: The Ben Ish Chai - Purim",IBSC666T,97986886730401,979-86-88673-040-1
63540,"23 Under 1 Roof - Vol. 11: Making Dreams Come True",IBSC667FT,9798886730487,979-8-88673-048-7
63408,"Middos Man Volume 7",IBSC665C,9798886730296,9798886730296
63312,"Gems from the Nesivos Shalom: Megillas Esther",IBSLA332,9798886730364,9798886730364
63257,"Flashes of Torah",IBSLA315,9798886730289,9798886730289
63213,"Likutei Torah Tavlin - 2 Volume Set",IBSL516,34410000516,
63115,"Peninei Shlomo - Al HaTorah",LA330,,
62599,"Junior Chafetz Chaim - Shmiras Halashon Series Slipcased Set",IBSC663,9798886730340,
62598,"Junior Sfas Tamim",IBSC662,9798886730333,
62596,"What's the Halachah? Bereishis - Vayikra - Volume 1",IBSLA328,9798886730272,
62542,"Gems from the Nesivos Shalom: Shovavim",IBSLA326,9798886730357,9798886730357
62128,"The 39 Melachos with Rabbi Juravel - Shipwrecked",IBSC661,9798886730302,9798886730302
61890,"Piskei Halachah of Harav Yisroel Belsky Volume 2",IBSLA323,9781600919954,9781600919954
61889,"Building a Shul",IBSC659,9798886730210,9798886730210
61810,"Wall Of Fire",IBSLA318,9798886730241,9798886730241
61647,"Asher Yatzar",IBSLA317,9798886730197,
61646,"The Thirteenth Gate",IBSLA319,9798886730258,
61644,"Even if I'm Not",IBSLA322,9798886730173,
61643,"Parsha Tyme USB - Bereishis Volume 2",IBSGUSBBR2,850026712162,
61642,"Parsha Tyme USB - Bereishis Volume 1",IBSGUSBBR1,195893821440,
61419,"The End Illuminated: Next Level - 2 Volume set - Soft Cover",9798886730074,9798886730074,
61418,"Portraits of Prayer - Volume 2",IBSLA316,9798886730098,9798886730098
61122,"Faith Over Fear - Pocket Size",LA320,9781600916328,9781600916328
61121,"Yesodos Basar B'chalav",IBSLA321,9798886730111,9798886730111
61120,"The Ever-Clever Mrs. Make-a-Mentsch",IBSC655,9798886730029,9798886730029
61119,"Mendel And The Pencil",IBSC656,9798886730036,9798886730036
61118,"Alef-Beis in Motion",IBSC657,9798886730104,9798886730104
61103,"If Only",IBSLA311T,9798886730135,
61078,"Junior Shemiras Halashon",IBSC654,9798886730180,9798886730180
61077,"Consequential Choices",IBSLA313,9781600918919,9781600918919
60967,"Metsudah EZ Read Machzor: Yom Kippur",IBSM174,78410009156,
60922,"Bathing and Showering in Halachah",IBSLA304,9781600919961,
60921,"Believe In Me",IBSLA305T,9781600919893,
60920,"Just Imagine! Their Tales in Our Times Volume 5",IBSC645FT,9781600919916,
60919,"Just Moved... Mazel Improved - Comics",IBSC648T,9781600919985,
60918,"Story Solutions #10 - Tully's Trip",IBSC644T,9781600919978,
60917,"The Darkest Hour",IBSLA306T,9798886730005,
60916,"The End Illuminated: Next Level - 2 Volume set - Hardcover",IBSLA299,9798886730081,
60915,"The Married Woman's Personal Calendar 5783",578300,578300,
60911,"Tzali's Adventures in Wanna Land",IBSC651T,9781600919596,
60808,"The Balabusta's Daily Organizer 22-23 - Pocket Edition",9798886730043,9798886730043,9798886730043
60807,"The Balabusta's Daily Organizer 22-23 - Desktop Edition",9798886730050,9798886730050,9798886730050
60806,"Chasunah Secrets",IBSLA301,9781600919459,9781600919459
60488,"What is in Little Leah's Mouth?",IBSC647,9781600919879,9781600919879
60487,"The Kiddie Kohns Keep Their Cool",IBSC646,9781600919848,9781600919848
60470,"Dirshu Mishna Berurah - Soft Cover - Pocket Size - Siman 70 - 96","D301 70-96",,
59949,"From Crisis to Connection",IBSLA294,9781600919350,978-1-60091-935-0
59947,"Sisters and Strangers",9781600919343,9781600919343,978-1-60091-934-3
59945,"The Upsherin",IBSLA292,9781600919855,978-1-60091-985-5
59815,"The Mishnah - Volume 11 -  1",9781600919299,9781600919299,978-1-60091-929-9
59809,"Siddur Haaruch Yismach Yehuda - For Weekdays - Nusach Sefard - Midsize",LA296,,
59789,"Windows to Conviction",IBSLA295,9781600919381,9781600919381
59766,"Dirshu Mishna Berurah - Soft Cover - Pocket Size - Siman 274-300",IBSD303274300,,
59765,"Dirshu Mishna Berurah - Soft Cover - Full Size - Siman 345-372",IBSD204345372,,
59764,"Dirshu Mishna Berurah - Soft Cover - Pocket Size - Siman 242-255",IBSD303-B,,
59763,"Dirshu Mishna Berurah - Soft Cover - Full Size - Siman 1-32",IBSD201132,,
59762,"Dirshu Mishna Berurah - Soft Cover - Pocket Size - Siman 202-215",IBSD302202215,,
59761,"Dirshu Mishna Berurah - Soft Cover - Pocket Size - Siman 176-201",IBSD302176201,,
59760,"Dirshu Mishna Berurah - Soft Cover - Pocket Size - Siman 160-175",IBSD302160175,,
59759,"Dirshu Mishna Berurah - Soft Cover - Pocket Size - Siman 150-159",IBSD302150159,,
59758,"Dirshu Mishna Berurah - Soft Cover - Full Size - Siman 202-241",IBSD202-B,,
59757,"Dirshu Mishna Berurah - Soft Cover - Full Size - Siman 33-69",IBSD20170127,,
59756,"Dirshu Mishna Berurah - Soft Cover - Pocket Size - Siman 128-149",IBSD302128149,,
59755,"Dirshu Mishna Berurah - Soft Cover - Pocket Size - Siman 51-69",IBSD3015169,,
59712,"Dirshu Mishna Berurah - Soft Cover - Full Size - Siman 242-273",IBSD203242273,,
59470,"Story Tyme With Rabbi Juravel - Double CD",IBSGMJ500,807676192721,
59415,"Torah and Mathematics",IBSL978,9781600916908,978-1-60091-690-8
59414,"Dirshu Mishna Berurah - Soft Cover - Pocket Size - Siman 495-509",IBSD305495509,,
59412,"Dirshu Mishna Berurah - Soft Cover - Pocket Size - Siman 510-529",IBSD305510529,,
59399,"Leket Reshimos - Chanukah",IBSL132,34123000132,
59393,"Dirshu Mishna Berurah - Soft Cover - Full Size - Siman 495-529",IBSD205495529,,
59390,"My Favorite Part of Shabbos",IBSC630," C630",978-160091-940-4
59389,"Dirshu Mishnah Berurah Daf Yomi B’Halacha - 19 Volume Boxed Set",IBSD207A,D207,
59346,"Azriel The Airplane Follows Directions",IBSC642," 9781600919411",978-1-60091-941-1
59345,"Jewish Time",IBSLA290,9781600919435,978-1-60091-943-5
59173,"Brachah V'hatzlachah",IBSLA291S,9781600919886,978-1-60091-988-6
58762,"The Questions Asked Haggadah - Revised and Expanded",IBSLA275,9781600919824,978-1-60091-982-4
58759,"Double Agent - Part 2",IBSLA278T,9781600919473,978-1-60091-947-3
58758,"Rocking Horse",9781600919817,9781600919817,978-1-60091-981-7
58490,"Rolling Rabbi",IBSLA287,9781600919664,9781600919664
58487,"No Chance!",IBSC641T,9781600919626,9781600919626
58481,"Choose Right",IBSLA286,9781600919442,9781600919442
58339,"STAR- K Pesach Guide 2022",LA285,9781600919800,9781600919800
58186,"Time Rock Book 1 - Will Shabbos Win?",IBSC637,9781600919374,
58185,"Meant To Be",IBSLA277T,9781600919480,
58184,"Haggadah Shel Pesach Based on the Maharal",IBSLA283,9781600919671,978-1-60091-967-1
58183,"Chanoch Lana'ar - A Generation Inspired - Volume 1",IBSLA281,9780578347950,9780578347950
58046,"Seder Yom Kippur Katan Ha'aruch",LA274,,
58044,"The Story of The Satmar Rebbe",IBSC636,9781600919367,9781600919367
57915,"I Know 6 - Book & CD",C628,C628,
57882,"Double Agent - Part 1",IBSLA271T,9781600919466,
57881,"Kolotongo Lost at Sea!",IBSC633T,9781600919152,
57880,"Yeshivah Bachur or Spy?",IBSC632T,9781600919602,
57878,"Story Solutions #9 - I'm So Bored!",IBSC635T," 9781600919336",
57830,"Kuntrus Matnas Chaim - Purim",IBSLA273,,
57709,"Dirshu Mishnah Berurah - Soft Cover - Pocket Size - 38 Volume Set",IBSD307A,D307,
57700,"Chofetz Chaim Im Berurim",LA272,,
57659,"L'Chaim! The Torah's View On Wine, Alchohol And Intoxicants",IBSLA268,9781600919398,
57658,"Between The Lines",IBSLA269,9781600919428,
57656,"Gems From The Nesivos Shalom: Nesivei Chinuch",IBSLA265,9784600919220,
57585,"23 Under 1 Roof - Volume 10: Scattered Schneiders",IBSC631FT,9781600919503,978-1-60091-950-3
57583,"Russi Builds a Palace",IBSC629T,9781600919312,978-1-60091-931-2
56930,"Much More Than Milk",IBSLA266A,9781600919138,978-1-60091-913-8
56631,"HaRav Avigdor Miller Chamishah Chumshei Torah Series",IBSLA263A,9781600919244,
56630,"Healthcare Facilities In Halachah",IBSLA264,9781600919183,
56151,"Timeless Tales: Bamidbar Comics",IBSC612DT,9781600918841,
56150,"The Parsha Of Emunah",IBSLA255," 9781600919213",
56149,"Timeless Tales: Vayikra Comics",IBSC607DT,9781600918742,
56148,"Matnas Chelko - Chovos Halevavos Sha'ar HaTeshuvah",IBSLA241,,
56119,"The Youngest Bride",IBSL402A,9781600919251,
56118,"Michael Wants Patience Volume 2",C158Q,78972492502,
56117,"Chochmas Nashim",IBSLA149,,
56116,"Meeting Elijah",IBSLA182,9789655729801,
56115,"Story Tyme With Rabbi Juravel -  Stories Of Being Mevater",IBSGST22,63566910642,
56114,"Story Tyme with Rabbi Juravel - Stories Of Judging Favorably",IBSGST24,63566910722,
56113,"Story Tyme with Rabbi Juravel - Kids In The Kitchen - The Halachos of Kashrus",IBSGST27,G-ST27,
56112,"Story Tyme With Rabbi Juravel -  Stories of Tzedaka",IBSGST11,635669098725,
56110,"Story Tyme with Rabbi Juravel -  Shabbos Vol. 1",SMCDSTS1D,63566909822,
56109,"Story Tyme with Rabbi Juravel - Stories of Kibbud Av Va'aim",SMMJ300D,63566909072,
56108,"Story Tyme with Rabbi Juravel - Stories of Eliyahu Hanavi",IBSGSTN1,635669098428,
56107,"Story Tyme With Rabbi Juravel - Stories Of Dovid Hamelech",SMSTN3D,635669098329,
55758,"All I Ask",IBSLA247DT,9781600918964,
55735,"Twists And Ties",IBSLA262DT,9781600918377,
55635,"The Laws And Customs Of Krias HaTorah",IBSLA261,9781600919275,978-1-60091-927-5
55586,"Middos Malka - Volume 2",IBSC627C,9781600919268,9781600919268
55585,Makover,IBSLA260,9781600919237,9781600919237
55460,"Chafetz Chaim  - Junior Edition",IBSC613,,
55351,"Mincha Ketanah",IBSLA258,,
55350,"Dirshu Mishna Berurah - Soft Cover - Pocket Size - Siman 677-697",IBSD306677697,,
55349,"Dirshu Mishna Berurah - Soft Cover - Full Size - Siman 652-697",IBSD206652697,,
55347,"Dirshu Mishna Berurah - Soft Cover - Pocket Size - Siman 652-676",IBSD306652676,,
55346,"The 39 Melachos with Rabbi Juravel - Shugashvili's Secret",IBSC625,9781600919282,
55344,"Room For Tomorrow",IBSLA259DT,9781600918971,978-1-60091-897-1
55296,"Halachically Speaking - Volume 8",IBSLA254,9781600919046,9781600919046
55288,"Teen Power For Girls",9798510457896,,
55287,"Out Of Step",IBSLA256,9781600919190,
55286,"The Cuckoo Clock",IBSLA257,9781600919107,
55238,"Learn To Draw With Faigy & Yoni",IBSC623,9781600919008,
55188,"Kinderland Castle: Price Pinny and the Best Decoration of All",IBSC621,9781600919121,9781600919121
55185,"Torah Above All - Chazon Ish",IBSC622A,9781600919060,9781600919060
55184,"Hashem Is Always With Me!",IBSC620,9781600919114,9781600919114
55149,"Halachos of Opening Packages On Shabbos",IBSLA253,9781600919176,978-1-60091-917-6
54839,"Chaim Zalman And His Best Friend Kalman",IBSC619,9781600918889,
54838,"Even There, Even Now",IBSLA246,9781600918360,
54837,"Burning Questions",IBSLA248DT,9781600918988,
54769,"A Deaf World",IBSLA249,9781600918353,978-1-60091-835-3
54557,"The Balabusta's Daily Organizer 2021-2022 - Pocket Edition",IBSCLA250,9781600919015," 9781600919015"
54555,"The Balabusta's Daily Organizer 2021-2022 - Desktop Edition",IBSCLA251,9781600919022,9781600919022
54549,"Sholom Mordechai Rubashkin: The Inside Story",IBSLA243,9781600919206,9781600919206
54547,"Blending Secrets",IBSC618,9781600918896,978-1600918896
54531,Yardsticks,IBSLA233,9781600919541,
54530,"The Intriguing World of Jewish Time",IBSLA252,9781600919039,9781600919039
54431,"Tales Out Of Middos Town - CD Included",IBSC614,9781600918759,
54267,"V'Higadetah - Devarim",IBSLA237ET,9781600918834,
54246,"Gems from the Nesivos Shalom: 5 Vol. Chumash Set",IBSLA242A,,
54244,"Legend of Humility & Leadership",IBSLA240,9781600918810,9781600918810
53997,"The Married Woman's Personal Calendar - תשפ""ב",IBSLA238,,
53624,"Silent Childhood",IBSLA236,9781600918827,9781600918827
53596,"To Tell The Story",IBSLA235,9781600918926,
53595,"Ezer L'Shulchun",IBSLA234,,
53520,"Metsudah Chumash Boxed Set - Full Size",KT5-575-0,78881255750,
53387,"Gems from the Nesivos Shalom: Devarim",IBSLA220,9781600918520,
53285,"Shoshanas Yisroel",IBSLA232A,IBSLA232,
53246,"V'Higadeta - Bamidbar",IBSLA222ET,IBSLA222ET,9781600917639
53245,"The Laws of End of Life and Mourning - Zichron Menachem",IBSLA227,9781600918452,9781600918452
53244,"The End Illuminated - Volume 2",IBSY104,IBSLA226,9781600918780
53243,"Thanks to Her",IBSLA223DT,9781600918421,9781600918421
53242,"Holding it Together",IBSLA228DT,9781600918018,9781600918018
53094,"Danger Deep Down",IBSC611,9781600918797,9781600918797
53093,"Right Angles",IBSLA225,9781600918803,9781600918803
53006,"Torahific - Yehoshua & Shoftim",IBSLA229,9781600918681,9781600918681
53005,"Harav Avigdor Miller History Series 3 Volume Set",IBSLA230,9781600918711,
53004,"Flying Colors",IBSC610,9781600918636,9781600918636
52897,"Power Plays",IBSC609," 9781600918315",
52730,"Love for Every Jew - The Klausenberger Rebbe",IBSC601A,9781600918513,9781600918513
52729,"Dunny the Duckling, Stay Out of the Street!",IBSC606,9781600918667,9781600918667
52728,"Sheva's Diary",IBSC608,9781600918308,9781600918308
52722,"B'Avosos Shel Ahava",IBSLA224,,
52662,"You Made My Life!",IBSLA216,9781600917455,9781600917455
52312,"The Fearless Four Rescue Operation",IBSC605DT,9781600918490,
52273,"48 Hours",IBSLA218DT,9781600918292,9781600918292
52268,"Ma'aminim B'nei Ma'aminim",IBSLA214,9781600918674,9781600918674
52259,"Just Imagine! COVID-19",IBSC604FT," 9781600918735",978-1-60091-873-5
52257,"In Tatte's Hands",IBSLA215,9780201379624,9780201379624
52172,"Another Chance",IBSC596DT," 9781600918599",9781600918599
52171,"Benny the Bus Gets the Job Done",IBSC602,9781600918544,9781600918544
52170,"Storm Cloud",IBSC600,9781600918339,9781600918339
52169,"The Leaf and the Worm",IBSC603,9781600918568,9781600918568
52168,"Where We Belong",IBSLA205DT,9781600918407,9781600918407
52167,"Why We Celebrate",IBSLA219A,9781600918728,9781600918728
52115,"Star-K Passover Guide 2021",IBSLA211,,9781600918629
52114,"23 Under 1 Roof - Vol. 9: Touring Eretz Yisrael",IBSC591FT,9781600918391,9781600918391
52113,"City of Dreams",IBSLA204DT,9781600918414,9781600918414
52112,"Gems from the Nesivos Shalom - Slonim Haggadah",IBSLA209,9781600918704,9781600918704
52110,"Help from Heaven",IBSC594DT,9781600918698,9781600918698
52109,Jamilla,IBSLA212,9781600918605,9781600918605
52108,"The Halachah Masters - Comics",IBSC595DT,9781600917974,9781600917974
52107,"Truly Great Jewish Women - Then & Now",IBSLA206,9781600918469,9781600918469
52106,"Under Cover",IBSC597,9781600918322,9781600918322
52105,"Where Is the Daughter I Raised?",IBSLA213A,9781600918643,9781600918643
52006,Awakening,IBSLA208,9781600918537,9781600918537
52005,"Best Foot Forward",IBSLA207,9781600917714,9781600917714
52004,"Chidekel: Chelek Beis - 2 Volume Set",IBSLA199,,
52003,"Lost at Tea",IBSC599,9781600918551,9781600918551
52002,"The Story of The Vilna Gaon",IBSC598,9781600918445,9781600918445
51736,"To Be Continued",IBSLA201DT,9781600918025,9781600918025
51733,"Top 5",IBSLA200,9781600918179,9781600918179
51732,"Let's Take a Peek at... Purim!",IBSC592,9781600918476,9781600918476
51731,Showtime!,IBSC593DT," 9781600918575",9781600918575
51730,"Escape the Inquisition",IBSC590FT,9781600918438,9781600918438
51666,"Story Tyme with Rabbi Juravel - The Story of Purim - CD",IBSGST04,635669095328,
51663,"Story Tyme with Rabbi Juravel - Purim Stories - CD",IBSGST21,635669105621,
51475,"Torah Tavlin - Moadim Ketanim",IBSLA202,9781600918612,9781600918612
51437,"The Eternal Bond",IBSLA198,9789655993653,9789655993653
51426,"Take & Bake",IBSLA197,9781600917462,9781600917462
51175,"Timeless Tales: Shemos Comics",IBSC589DT,IBSC589,9781600918278
50906,"Pirkei Machshava - 2 Volume Set",IBSLA186,IBSL186,
50880,"Just Imagine! Their Tales in Our Times - Volume 4",IBSC588FT,9781600918261,9781600918261
50879,"Operation Sink the Sub",IBSC587DT,9781600918193,9781600918193
50877,"Lions in the Sky",IBSLA196DT,9781600918001,9781600918001
50787,"Just Imagine! Their Tales in Our Times - 3 Volume Set",IBSC577DT,IBSC577,
50583,"The Chief",IBSLA193,9781600918223,9781600918223
50525,"Hide & Seek - Soft Cover",IBSLA195A,9781600918247,978-1-60091-974-9
50524,"Out of Mind",IBSC586,9781600918230,9781600918230
50446,"Maccabee Adventure Game",IBSC585,IBSC585,
50445,"Middos Man Middos Puzzle - Mobile",IBSC398,45654643123,
50444,"Middos Man Middos Puzzle - Copter",IBSC399,54415452121,
50443,"Middos Man Reward Stickers",IBSC385,78410003850,
50419,"I Believe!",IBSC583,9781600917431,9781600917431
50418,"Me First Manny",IBSC582,9781600918209,9781600918209
50417,"Middos Man Volume 6",IBSC584C," 9781600918216",9781600918216
50416,"Super-Agent Gizmo 3: Operation Egghead",IBSC581A,9781600918056,9781600918056
50255,"""It's Bedtime,"" Says the Clock",IBSC580," 9781600918155",9781600918155
50254,"Exploring the Wonders of the Human Anatomy",IBSLA191,9781600918094,9781600918094
50253,"Nati & Tzviki 3: Conquer the Crown",IBSC579DT,9781600918117,9781600918117
50252,"The Lion",IBSLA192A,IBSLA192,9781600918148
50251,"Wondrous Ways of the Tzaddikim",IBSLA185DT,9781600917998,9781600917998
50132,"A Distant Mirror",IBSLA190,IBSL190,
50131,"Timeless Tales: Bereishis Comics",IBSC578DT,9781600918186,9781600918186
50130,"Chaim's Juicy Mistake",IBSC576," 9781600917738",9781600917738
50129,"Proof Positive",IBSLA184DT,9781600917981,9781600917981
49883,"Only With Emunah",IBSLA188,9781600918254,9781600918254
49752,"Stay with Me",IBSL183,9781600918100,9781600918100
49638,"Meeting Elijah",IBSL182,9789655729801,9789655729801
49468,"Gebliben Getrei",IBSY103,9781600918124,9781600918124
49197,"A Legacy of Torah",IBSLA177,IBSLA177,9781600918070
49196,"Einei Yisroel - Moadim",IBSLA181,9780578728520,9780578728520
49194,"Mastermind Meyer - Private Eye",IBSC575,9781600918063,9781600918063
49114,"Hilchos Shabbos",IBSLA178,9781600918032,9781600918032
49091,"Junior Chafetz Chaim",IBSC571,9781600918049,9781600918049
49090,"The Newlywed Guide",IBSLA176,9781600917684,9781600917684
48955,"My School Tools Kit",IBSC574,9781600917936,9781600917936
48951,"Oh, Brother!",IBSC566,9781600917691,9781600917691
48950,"Bricks and Stones - Soft Cover",IBSLA162A,9781600917752,978-1-60091-976-3
48789,"The 39 Melachos with Rabbi Juravel - Falsely Accused",IBSC573,9781600917486,9781600917486
48179,"Suspense in the Sahara",IBSC570FT,IBSC570,9781600917868
48114,"The End Illuminated - Volume 1",IBSLA173,9781600918131,
47996,"Story Tyme with Rabbi Juravel - Tisha B'Av - CD",SMST13D,63566906842,
47994,"Story Tyme with Rabbi Juravel - Tisha B'Av - CD",SMST07D,63566909662,
47993,"Story Tyme with Rabbi Juravel - Tisha B'Av - CD",IBSGST07,635669106727,
47832,"Shu""t Shemen Zayis Zach",LA167,,
47831,"Ki Ani Hashem Rofecha",LA166,,
46201,"The Best Deal!",IBSC561DT,9781600917660,9781600917660
46198,BitterSweet,IBSC562DT,9781600917585,9781600917585
46197,"My Mitzvah Cars",IBSC567,978-160091-774-5,9781600917745
46195,"Heart to Heart",IBSC568,9781600917295,9781600917295
44403,"Pekelah Problem",IBSR106,80981556741,9780981556741
43764,"The Scribe's Brush",IBSC416,20208087541,978-1600914119
43752,"Atara Malach CD - Dealing with Adolescents",IBSB117CD,77741000117,
43751,"Gems from the Nesivos Shalom: Vayikra",IBSLA141,IBSLA141,9781600917530
43750,"The Unfinished Diary - Yiddish Edition",IBSY101,9781600917028,9781600917028
43748,"Towards Meaningful Prayer - 2 Volumes",IBSLA143,IBSLA143,9781600917820
43747,"""Kriyah Coach"" - The Alef Bais Train",IBSC336,80767612152,
43732,"Assassin - Part 1",IBSLA148ET,9781600917844,9871600917653
43731,"Sudden Secrets",IBSC560DT,9781600917561,9781600917561
43700,"Kuntrus Bein Hazemanim",IBSL462,34410004621,
43612,"Seder Haviduy",IBSL631,34410006310,
43611,"Hachi Garsinan",IBSL937,IBSL937,9781600916373
43599,"Kol Bo L'Yahrzeit - 2 Volume Set",L300,L300,
43597,"Likutei Basar Likutei - Bereishis",IBSL939B,IBSL939,
43526,"The Amazing Aleph-Beis Experience - Book and Read-Along CD",IBSC422B,9781600913822,9781600913822
43469,"Menachem and Lieba Learn to Budget",C371,81600913150,9781600913150
43468,"Our Mother Rebbetzin Kanievsky - DVD",IBSL570,66410000570,
43466,"Joyful Parenting of our Married Children",B110CDA,77410000110,
43463,"Zerah Avraham",HSS1046,34541000046,
43462,"250 Kosher Gluten Free Recipes",IBSL503,78410000503,9781600911842
43461,"Shloshim Yom & Shabbos B'Shabbato - 3 Volume Set",IBSL582,54210512012,
43460,"The Homework Hassle",IBSB103CD,77787025030,
43459,"Sha'ar Alef Bais",IBSC339,34410000339,
43422,"Darchei Hashleimus",IBSL102,34500300102,
43421,"Chumash Midrash Halacha - Bamidbar",IBSL144,34541000144,
43420,"Chumash Midrash Halacha - Devarim",IBSL145,34526570145,
43419,"Darchei Hashleimus - 2 Volume Set",IBSL290,,
43363,"Dorash Dovid Pirkei Avos - 2 Volume Slipcased Set",IBSLA160A,,
43361,"The Soul of Emunah",IBSLA158,9781600917790,9781600917790
43358,"Grab the Reins",IBSLA146DT,9781600917646,9781600917646
43357,"With All I Am",IBSLA147DT,9781600917578,9781600917578
43344,"Mega Mind 2",IBSC559FT,9781600917769,9781600917769
43278,"Life Support",IBSL776,81600914218,9781600914218
43275,"The Tzetel Katan",IBSL772,81600913792,9781600913792
43227,"Gems from the Nesivos Shalom: Bamidbar",IBSLA161,IBSLA161,9781600917837
43226,"Einei Yisroel Volume 4: Bamidbar",IBSLA138,9781600917202,9781600917202
43224,"I Love My Tzitzis! How About You?",IBSC565,9781600917622,9781600917622
43141,"Where Has Zaidy Gone?",IBSC439,9781600913570,9781600913570
43138,"Step by Step Reading Series - 6 Volume Set",IBSC418,12541256781,
42932,"Einei Yisroel - Rabbi Yisroel Belsky on the Parsha - 5 Volume Set",IBSLA139A,,
41473,"Operation Iraq",IBSC528FT,9781600917011,9781600917011
41170,"Hilchos Basar Bechalav",IBSL728,34410000728,
40282,"Eliyahu on Har Hakarmel",IBSC563,IBSC563,9781600917516
40246,"A Veiled Truth",IBSLA157,9781734593907,9781734593907
40193,"Star-K 2020 Comprehensive Pesach Directory",Ibsla156,,9781600917813
40112,"23 Under 1 Roof Volume 8: The Longest Day",IBSC558FT,9781600917554,9781600917554
39597,Framed!,IBSC557,IBSC557,"9781600917493
"
39390,"Hamachlokes B'Halacha - 2 Volume Set",HS5359,34000005359,
39261,"Danger Zone",IBSLA150DT,9781600917776,"9781600917776
"
39257,"New Money",IBSLA152,9781600917615,"9781600917615
"
39253,"Rules of the Game",IBSC564,9781600917677,"9781600917677
"
39063,"Seder Hilchos Niddah",L975,,
38751,"Rivky on the Job",IBSC367,9781600913037,"9781600913037
"
38403,"The Book of Esther With a Commentary by Rabbi Zamir Cohen",IBSLA142DT,IBSLA142,"9789659123162
"
38394,"Midnight Watch",IBSC542,9781600917240,"9781600917240
"
38391,"Where the Heart Is",IBSLA132DT,9781600917103,"9781600917103
"
38390,"Map the Starlight",IBSLA144A,9781600917547,"9781600917547
"
38380,"Towards Meaningful Prayer - Volume 2 - Expanded Edition",IBSLA140,IBSLA140,"9781600917509
"
38374,"Purim and Pesach With the Gedolim",IBSC556A,IBSC556,"9781600917523
"
37608,"Story Tyme with Rabbi Juravel - Stories of Kedusha - CD",IBSGST20,63566909962,
37603,"Story Tyme with Rabbi Juravel - Stories of Shalom - CD",SMST15D,77785425852,
37600,"Story Tyme with Rabbi Juravel - Stories of Kiddush Hashem - CD",IBSGST10,63566906832,
37597,"Story Tyme with Rabbi Juravel - Stories of Ahavas Chaveirim - CD",IBSGMJ400,635669098626,
37588,"Story Tyme with Rabbi Juravel - Stories of Simcha - CD",SMRJSICD,77703658410,
37581,"Story Tyme with Rabbi Juravel - Stories of Ahavas HaTorah - CD",SMST16D,77754503254,
37577,"Story Tyme with Rabbi Juravel - Lag B'omer - CD",IBSGST19,63566909501,
37548,"Story Tyme with Rabbi Juravel - The Story of Sefer Yehoshua Volume 1 - CD",IBSGSTN4,807676157324,
37447,"Story Tyme with Rabbi Juravel - Lost In the Park - CD",IBSGST26,IBSG-ST26,
37140,"Her Children Return! - 2 Volume Set",IBSLA135,9781600917394,"9781600917394
"
36520,"A Guide for the Jewish Women & Girl",IBSL252,78410002522,
36287,"The Laws of Tevilah",IBSO242,78188058241,"9781880582411
"
36283,"Nachalas Hashem",IBSL731,45842121121,
36112,"1,001 Fraggen un Entfers",IBSY102,,
35873,"Moed L'Dovid - Volume 1",IBSL834,,
35771,"Acquired Immunity",IBSLA129DT,9781600916649,"9781600916649
"
35747,"Pillars of Smoke",IBSL766,9781600913983,"9781600913983
           "
35706,"Siddur Avodas Halev Hebrew / English Nusach Edus Hamizrach Midsize",IBSL219,10000000078,
35489,"Project Witness: The Inspiration and the Heritage",IBSL614,77410000614,
35385,"Shaar Hanekudos",IBSC505,9781600916366,9781600916366
35384,"Shaar Alef Beis",IBSC470,IBSC470,
35032,"Midnight Music",IBSL778,,9780986439438
34825,"The Graphic History of the Jewish Heritage",IBSL106,78092822004,"9780928220049
"
34062,"Matnas Chelko - Shaarei Teshuvah - Expanded Edition",IBSLA115,,
33510,"Matnas Chelko - Shaar Habechinah",IBSL726,34410000726,
33509,"Matnas Chelko - Mesilas Yesharim",IBSL422A,34410004220,
33508,"Matnas Chelko - Shaarei Teshuvah",IBSL257Q,34541000561,
33507,"Matnas Chelko - Shaar Cheshbon Hanefesh",IBSL815,,
33506,"Matnas Chelko - Shaar Habitachon",IBSL649A,34410000649,
33084,"Darchei Hashleimus Volume 2",IBSL229,34541000524,
32985,"Matnas Chaim - Moadim",HS2118,95147836425,
32598,"Cozy Rosy Learns to Be Brave Book & CD",9780578581576,,"9780578581576
"
32504,"Hadran Alach",IBSLA134,IBSLA134,9781600917479
32040,"Dear Mr. Schmutter - They're Asking Me?",IBSLA128A,IBSLA128,9781600917417
32039,"The Story of the Ribnitzer Rebbe",IBSC552,IBSC552,9781600917424
32036,"Stand Tall",IBSLA131DT,9781600917073,9781600917073
32034,"Hold On Tight",IBSLA130DT,IBSLA130,9781600917387
31817,"Super Social Skills - Volume 3",IBSC547,9781600917363,9781600917363
31814,"Middos Malka - Volume 1 - with CD",IBSC546C,9781600916991,9781600916991
31811,"My Mommy Loves Me",IBSC548,9781600917356,9781600917356
31810,"Super-Agent Gizmo #2: Operation Time Travel",IBSC544A,9781600917325,9781600917325
31808,"The Life-Giving Medicine - The Chafetz Chaim",IBSC545A,9781600917257,9781600917257
31794,"On Stormy Seas",IBSC549FT,IBSC549,9781600917134
31680,"Just Imagine! Their Tales in Our Times - Volume 3",IBSC551FT,9781600917141,9781600917141
31675,"Timeless Tales: Chanukah Comics",IBSC550DT,IBSC550,9781600917370
31430,"Teeth and Dentistry in Halachah",IBSLA118,IBSLA118,9781600917264
31421,"Night Flower",IBSLA119,9781600917288,9781600917288
31417,"It's Okay to Be Different",IBSLA121,IBSLA121,9781600917349
31050,"Mr. Millionaire",ibsc543,,9781600917332
30927,"Why We Rejoice",IBSL767A,50000058654,
30885,"Kosher Classics",IBSL788,9780986165009,9780986165009
30717,"PetALS and Thorns",IBSLA107DT,9781600917097,9781600917097
30582,"Gems from the Nesivos Shalom: Foundations of Marriage",IBSLA112,IBSLA112,"9781600917271
"
30581,"Freedom of Choice",IBSLA106DT,IBSLA106,"9781600917080
"
30580,"Sands of the East",IBSLA105DT,IBSLA105,"9781600916809
"
30578,Homebound,IBSL995,9781600917196,"9781600917196
"
30577,"Secret Summer",IBSLA102,,"9781600916786
"
30574,Sunshowers,IBSLA104DT,9781600916793,"9781600916793
"
30573,"The Ribnitzer Rebbe",IBSL996,9781600916984,"9781600916984
"
30572,"Survivor Without a Number",IBSLA103ET,IBSLA103,"9781600917110
"
30570,"Good, Better, Best",IBSLA114,IBSLA114,"9781600917226
"
30569,"Magnificent Messages",IBSL998,IBSL998,"9781600916779
"
30567,"The Light from America - Harav Moshe Feinstein",IBSC537A,IBSC537,"9781600916007
"
30562,"Fraidy Can Still Smile",IBSC541,IBSC541,"9781600917189
"
30560,"Trapped In Hydropolis",IBSC538,9781600917035,"9781600917035
"
30559,"Domino Effect",IBS997,9781600917042,"9781600917042
"
30558,"Mega Mind 1",IBSC539FT,IBSC539,"9781600917127
"
30557,"These Are the Candles",IBSC540,IBSC540,"9781600917172
"
30556,"One Pot, One Pan",IBSL999,IBSL999,9781600917066
30555,"Supper 1.2.3 Cookbook",IBSL993A,9781600916441,9781600916441
30420,"Shadchanus in Halachah",IBSL878,46798464656,
30384,"How to Run a Successful Shabbos Table",IBSL775,81600912924,9781600912924
30383,"Kitzur Hilchos Hashulchan",IBSL916,9781600915956,9781600915956
30376,"Metsudah Selichos- New Revised Edition",ibsm206a,78410001001,
30372,"How Sweet is the Light - Umasok Ha'or - Elul and Rosh Hashanah",IBSLA101DT,IBSLA101T,978-1-60091-721-9
29814,"Dorash Dovid (Hebrew) - 3 Volumes",ibsl504,34341000504,
29595,"Igros Moshe Set - 9 Volumes",IBSL528,34410005280,
29594,"Igros Moshe - Volume 9",IBSL502,34410005020,
29593,"Igros Moshe - Volume 8",HS8555,34560008555,
29592,"Igros Moshe - Volume 7",HS0186,34500003186,
29591,"Igros Moshe - Volume 6",HS0000,34410000000,
29590,"Igros Moshe - Volume 5",HSS1983,34541000983,
29589,"Igros Moshe - Volume 4",HSS1982,34541000982,
29588,"Igros Moshe - Volume 3",HSS1982A,,
29587,"Igros Moshe - Volume 1",HSS5871,34545789871,
29329,"Hilchos Shabbos BeShabbato",IBSL435,34410004350,
27448,"Ticket to Life",IBSL981,9781600917004,"9781600917004
"
27344,"Ari Gets Lost",IBSC531,9781600916922,9781600916922
27343,"Lost in the Land of Slaves",IBSC529,9781600916670,9781600916670
27342,WISEcracks,IBSC534,9781600916915,9781600916915
27341,"Secrets of the Aleph Beis",IBSC533,9781600916939,9781600916939
27335,"Wheels of Mystery",IBSC530,9781600916663,9781600916663
27334,"Chipmunk Trouble",IBSC526,9781600916946,9781600916946
27333,"Mommy, I'm Bored! on Shabbos",IBSC532,9781600916892,9781600916892
27332,"Just Imagine! Their Tales in Our Times Volume 2",IBSC527,9781600916885,9781600916885
27272,"Song of the Sea",IBSL979,9781600916960,9781600916960
27268,"The Secret Clubhouse Kids",IBSL853A,IBSC477,9781600915291
27263,"Now I Know",IBSL976,9781600916557,9781600916557
27262,"Highways and Byways",IBSL977,9781600916977,9781600916977
14688,"Torah From Jerusalem - Volume 2",IBSL201,78410009201,9780970775740
12449,"Soncino Chumash",IBS924-2,78410009242,9780900689246
11569,"Bar Mitzvah",IBSL325,78410000235,
11568,"Get High",IBSL324,78410000324,
11515,"The Companion Guide to the Rosh Hashanah Prayer Service",JP213-9,78188058213,9781880582138
10389,"50 Pathways to Parenting Wisdom",SF10,78746341560,9781600912825
9915,"Kid Power",IBSC288,81600911149,9781600911149
9681,"Einei Yisroel Volume 5: Devarim",IBSL389,78410003890,978-1600910722
9504,"Friends on the Farm",IBSC204,78410002042,
9455,"Short Changed",IBSL470,97814276400,9781427647511
9052,"The At Home Gourmet",IBSL464,81600911286,9781600911286
8925,"Onions Always Make Me Cry",IBSL512,81600911811,978-1-60091-181-1
8834,"Parsha Pearls - Volume 2",IBSC242,78410002420,9781600910180
8638,"Thinking Outside the Box - Volume 3",IBSL278,78410002783,
8635,"Thinking Outside the Box - Volume 5: Devarim",IBSL461,78410000461,
8494,"The Sephardi Journey",IBSL646,81600912832,9781600912832
8472,"That's All! I Want to be Small",LJ2518,78797249251,
8471,"To Share With Love",LJ2517,78972492517,
8400,"The Royal Table",IBSL678,81600912962,9781600912962
8398,"Bridging the Golden Gate",IBSL314,78410000314,9781931681964
8074,"Einei Yisroel Volume 3: Vayikra",IBSL485,78160091439,978-1600911439
8063,"Livyas Chein - Bereishis",IBSL294,78410009294,
7925,"Living Halacha: The Laws of Tzitzis",IBSL706,89657599167,9789657599167
7844,"Dorash Dovid: 2 Volume Slipcased Set",IBSL572,78410000572,
7842,"Ginzei Hakodesh",IBSL558,78410000558,9781600912009
7835,"Operation K.T.",IBSC396,81600913716,"9781600913716 "
7804,"To Fill the Earth",IBSL707,45245212251,
7751,"The Search",IBSL633,81600912658,9781600912658
7749,Bitachon,IBSL457,81600911200,978-1-60091-120-0
7706,"Working with Torah",IBSL484,80557764587,9780557764587
7553,"Beyond the Cobwebs",IBSC228,78410002280,9781931681933
7549,Grow!,IBSL432,81600911040,9781600911040
7538,"Rav Gershon Edelstein on the Torah",IBSL758,81600914072,9781600914072
7405,Essentials,IBSL560,81600912221,9781600912221
7402,Kaddish,IBSL233Q,78410002330,
7392,"Welcome Home!",LJ2516,78972492516,
7391,"Einei Yisroel Volume 1: Bereishis",IBSL296,78410002969,"9781600910869 "
7371,"Seudah Secrets - Nissan to Av",IBSL724,81600913778,9781600913778
7358,"The Map Seeker",IBSL419,81600910814,"9781600910814
"
7298,"Special Delivery - Volume 2",IBSC290,81600911217,9781600911217
7265,"Torahific Volume 2 - Vayikra/Bamidbar/Devarim",IBSL405,81600910579,9781600910579
7245,"Halachically Speaking - Volume 5",IBSL779,81600914324,9781600914324
7220,"Tell The World",IBSL246,78410002460,9781600911859
7123,"The Bnei Yissoschar",IBSL617,81600912542,"9781600912542
"
7094,"From East to West",IBSL627,81600912641,9781600912641
7089,Light!,IBSL757,81600914010,9781600914010
7059,"How to Succeed on Any Diet",IBSL281,78410002811,9781931681704
7018,"Waves Of Blue",IBSL458,81600910890,978-1600910890
6965,"Ripples in Time",IBSL814,9780986439469,9780986439469
6873,"The Best of Mexican Kosher Cooking",IBSL519,81600911880,9781600911880
6817,Crankytown,IBSC205,78410002054,
6810,"Parsha Pearls - Volume 1",IBSC218,78410002189,9781931681810
6809,"Treats for the Shabbos Table",IBSL471,81600911347,9781600911347
6807,"Touching the World of Angels",IBSL368,78410003680,9781600910388
6774,Galia,IBSL239,78193168141,9781931681414
6748,L'chaim,IBSL576,89657552025,9789657552025
6736,"Tools of the Trade",IBSC413,41000413645,9781600914065
6721,"Einei Yisroel Volume 2: Shemos",IBSL322,84525462546,1600910009
6720,"Allergy-Free at Last Cookbook",IBSL340,78410000340,9781600910289
6715,"Shimmy And The Magical Package",IBSC259,81600910463,
6577,"Coming Home",IBSL270,78410002703,9781931681643
6576,"My Life on Wheels",IBSL403,81600910845,9781600910845
6574,"The Tznius Challenge Connection",IBSL643,81600912450,978-1600912450
6573,"The Well-Spiced Life",IBSL692,81600913389,9781600913389
6572,"A Lighter Burden",IBSL702DT,81600913297,9781600913297
6570,"Hafrashas Challah & Tevilas Keilim",IBSL542,78410000542,
6569,"Dorash Dovid: Moadim: Series 2 - 2 Volume Set",IBSL809,9781600914546,
6568,"Jewish Life and Jewish Laughter",IBSL832,9781600914935,9781600914935
6564,"The Tabernacle",S1031,78103197212,
6473,"Forever Forward",IBSL848DT,IBSL848,9781600915086
6448,"Code for the Road",IBSL530,81600911590,9781600911590
6445,"The Reporter",IBSL494,21600971574,"9781600911576
"
6443,"My Yom Tov Album",IBSC207,78410002074,"9781931681582 "
6442,"The Baby in the Basket",IBSC297,81600911187,9781600911187
6440,"Sifsei Chachamim Chumash",IBSM187,78410001870,
6418,"The Wars of the Lord",IBSL117,78410000117,
6413,"A Journey With Rabbi Juravel 2",IBSC197B,78193168150,
6373,"Our Beautiful World",IBSC230Q,19316819100,9781931681919
6258,"Stepping Stones - Rochel Istrin",IBSL894,9781600915680,
6122,"Rambam Hameir: Hilchos Yom Kippur",IBSL362,78410003620,
6116,"Bright Beginnings Workbook - Hachanah L'Gemara",IBSC461,IBSC461,9780996349741
6114,"Calming Colors - Coloring Book",IBSL864,,9781600915468
6013,"Friends, Listen to This",IBSL331,78410000331,
6012,"The Muktzeh Directory",IBSL319,,
6010,"Where Wild Marigolds Grow",IBSL595,81600912474,9781600912474
6007,"Halachically Speaking - Volume 4",IBSL756,81600914034,9781600914034
6006,"Halachically Speaking - Volume 6",IBSL827,9781600914898,9781600914898
5877,"Thinking Outside the Box - Volume 4: Bamidbar",IBSL423,81931681469,
5858,"Metsudah Midrash Tanchuma - Bereishis",IBSM166,78410009166,9781600910302
5808,"One Shot",IBSL540,81600912023,9781600912023
5807,"Dvar Yom",IBSL608,81600912504,9781600912504
5795,"Seudah Secrets - Elul to Adar",IBSL742,81600913372,9781600913372
5789,"Half Way? No Way!",IBSC379,81600913358,9781600913358
5788,"Yom Tov Yummies",IBSC377,81600913327,9781600913327
5733,"Nati & Tzviki 1: The Double Mystery",IBSC344,81600912634,9781600912634
5723,"Junior Chaverim Volume 1",IBSR108,81600911231,9781600911231
5722,"Junior Chaverim Volume 2",IBSR110,80984492138,9780984492134
5720,"Goodbye, Pacifier!",IBSC355,81600912849,9781600912849
5719,"The Very First Rainbow",IBSC251,45612356123,9781600910265
5707,"Making Change",IBSL733,81600913860,9781600913860
5706,"Mitzllal - Stranger Among Sisters",IBSL732,81600913808,"9781600913808
"
5705,"Halachically Speaking - Volume 3",IBSL701,81600913495,9781600913495
5704,"Inside Stam",IBSL574,81600912139,9781600912139
5700,"Heroes Of Spirit",IBSL421,81600911002,9781600911002
5699,"The Kashrus Manual",IBSL127,66410001270,
5686,"Pathway To Purity",IBSL865DT,9781600914638,"9781600914638
"
5677,"Loyal Soldier",IBSL304Q,78410009304,"9781931681872
"
5668,"Living Halacha - Volume 1",IBSL580,89657599143,9789657599143
5667,"Zichron Menachem: The Laws of Mourning",IBSL115,78096707052,9780967070520
5601,"Code Two",IBSL877,IBSL877,9781600915376
5567,"It's All for the Good?",IBSL837,9789655721652,9789655721652
5524,"A Warm Heart",IBSC438A,9781600914713,9781600914713
5523,"A Journey With Rabbi Juravel 4",IBSC257B,81600910449,9781600910449
5522,"Life Unwrapped",IBSL881,9781600915611,9781600915611
5520,"Ancient Tales",IBSL168,78531681688,9781931681186
5505,"The Atonement",IBSL816,9781600914478,"9781600914478
"
5432,"Purim Revealed",IBSL323,78410000323,9781600910166
5354,"The Funny Things They Say! - Volume 1",IBSC271A,35465462130,9781600910760
5320,"Dorash Dovid: Moadim 4 Volume Slipcased Set",IBSL840A,,
5319,"Jerusalem Recycled",IBSL829,978-1600914911,"9781600914911
"
5296,"Chanie Goes to the Dentist",IBSC356,81600912948,9781600912948
5259,"Timeless Tales: Purim Comics",IBSC420DT,81600914249,9781600914249
5255,"The Tefillin Companion",IBSL893,9781600915864,9781600915864
5225,"The Adventures of Jeremy Levi",IBSC362,78410000362,9781600913075
5184,"Don't Yell Challah in a Crowded Matzah Bakery!",IBSL378A,81600910975,"9781600910500
"
5183,"Exploring the Wet and Wild Underwater World",IBSL635,81600912726,9781600912726
5182,"Looked Who Dropped in for Yom Tov - Volume 3",IBSC217,97819316817,"9781931681742 "
5179,"The Time is Now!",IBSC400,81600913662,9781600913662
5178,"West of the Nile",IBSC397,81600913679,9781600913679
5111,"What Are We Waiting For?",IBSC430,9781600913709,"9781600913709
"
5109,"The Great Shabbos Food Debate",IBSC476,9781600915659,9781600915659
5106,"Strangers in a Foreign Land",IBSL903DT,9781600915796,9781600915796
5105,"Dance of the Puppet",IBSL851,9781600915185,9781600915185
5089,"Guilt-Free Chocolate",IBSC353,81600912856,"9781600912856 "
5088,"The Story of the Chasam Sofer",IBSC484,9781600915901,9781600915901
5072,"Hidden in The Deep",IBSR102,80981556765,"9780981556765
"
5071,"Whirl & Twirl",IBSC440,9781600914744,9781600914744
5070,"Two And A Tevi - Double Pursuit!",IBSC258,78410000258,9781600910456
5069,"Exiled Down Under",IBSC262,41000111262,9781600910494
5064,"Victory Garden",IBSL828,9781600914843,"9781600914843
"
5035,"Shulchan HaLevi",IBSL401,81600910067,9781600910067
5034,"Fortunate Nation",IBSL153Q,78336181050,
5019,"Under Your Wings",IBSL597,81600912467,9781600912467
5011,"Shavuos Secrets",IBSL308,78410003080,9781931681902
4996,"Gems from the Nesivos Shalom: Mesikus Hatorah & Chag Hashavuos",IBSL794,9781600914454,9781600914454
4995,"Matriarch of King Dovid's Dynasty -Megillas Rus",IBSL853,9781600915291,9781600915291
4989,"A Bud for Simi",IBSC369,81600913044,9781600913044
4968,"Letter of Consolation of Maimon",IBSL234Q,78410002340,
4964,"A Clever Title Goes Here",IBSL445A,81600911163,"9781600911163
"
4958,"Grow More!",IBSL499,81600911385,9781600911385
4956,"The Story of Rus",IBSC489,9781600915949,9781600915949
4955,"Story Solutions #3 - Surprise",IBSC376DT,81600913259,9781600913259
4933,"Story Solutions #5 - When Mommy is Tired",IBSC408,81600913952,9781600913952
4892,"Just Imagine! We're Bringing Bikkurim",IBSC455FT,9781600915246,9781600915246
4891,"Among the Stars",IBSC490,9781600916014,9781600916014
4876,"Metsudah Kuzari",IBS7010,78410007010,
4873,"Timeless Tales: Tefillah Comics",IBSC436DT,9781600914652,9781600914652
4867,"Leading with Love",IBSL630,81600912818,9781600912818
4853,"Stories of The Rebbe",IBSC432A,9781600914577,9781600914577
4841,"The Concise Guide to Jewish Family Laws",IBSL283,54965656566,978-1931681452
4826,"A Journey With Rabbi Juravel 5",IBSC443B,9781600914812,9781600914812
4800,"A Legend of Greatness",IBSL589,81600912290,"9781600912290
"
4789,"Building Tomorrow",IBSL911,9781600916083,9781600916083
4788,"Halachically Speaking - Volume 7",IBSL910,9781600916038,9781600916038
4738,"Those Who Never Yielded",IBSL618,81600912627,9781600912627
4736,"Rambam HaMeir: Hilchos Yesodei Hatorah",IBSL408,78410004080,
4735,"Forever In Faith",IBSL737DT,41000737845,9781600913839
4734,"I Promise You",IBSL808,9781600914737,9781600914737
4733,Chains,IBSL803A,9781600914690,9781600914690
4730,"Two and a Tevi - Firecracker Wars!",IBSC272,97810910791,9781600910791
4729,"More Than Meets the Eye",IBSC368,65232147857,9781600913143
4699,"Shabbos on Time!",IBSL801DT,9781600914492,9781600914492
4693,"The Humble Giant - R' Shmuel Halevi Wosner",IBSC474A,9781600915475,9781600915475
4691,"Shimshon's Struggle",IBSL511,81600911835,9781600911835
4682,"From the Mashgiach's Heart",IBSL562,80985095901,9780985095901
4677,"A Legacy of Leaders",IBSL384,78410000384,"9781600910487
"
4643,"The Color of Heaven",IBSL510,89657552018,9789657552018
4641,"Gems From Nesivos Shalom  Bein Hameitzarim Churban",IBSL858,9781600915321,
4639,"Mendel the Mouse: Happy Birthday",IBSC233,78410000233,"9781931681988 "
4596,"My Friends We  Were Robbed",IBSL856A,9781600914720,"9781600914720
"
4595,Sacrifice,IBSL913DT,9781600916076,"9781600916076
"
4582,"Peace in Your Palace",IBSL437,81600910876,9781600910876
4455,"With Wisdom & Warmth",IBSL676,81600913167,9781600913167
4453,"Ecstasy for the Soul - Part One",IBSL327,78410000327,
4452,"The Blessing of Children",IBSL326,78410000326,
4451,Peace,IBSL330,78410000330,
4449,"Beneath The Surface",IBSL884,9781600915635,9781600915635
4447,"Alternative Medicine in Halachah",IBSL850A,IBSL850,9781600913693
4444,"Coming Back to Earth",IBSD103,78410001033,9780976694601
4443,"Into The Whirlwind",IBSR109,80984492107,9780984492107
4430,"Rosh Hashana & Yom Kippur Secrets",IBSL260Q,78410002612,
4429,"Succos Secrets",IBSL293,78410002931,9781931681759
4423,"V'Higadeta-Elul & Rosh Hashanah",IBSL745CT,81600913846,978-1600913846
4422,"Kitzur Halachos: Yom Tov and Chol Hamoed",IBSL747,81600913921,9781600913921
4421,"Gems from Nesivos Shalom: Yamim Noraim",IBSL685,89565874589,978-1-935949-23-7
4404,"Gems from the Nesivos Shalom: Chag HaSukkos & Simchas Torah",IBSL812,9781600914768,9781600914768
4403,"Kitzur Halachos: Rosh Hashanah & Yom Kippur",IBSL810,9781600914553,9781600914553
4400,"Machzor Metsudah Yom Kippur",IBSM199,,
4398,"Machzor Metsudah - Rosh Hashanah",IBSM197,,
4391,"Our Family, Our Strength",IBSL554,66873064547,9781598268867
4358,Viduy,IBSL926,9781600916090,978-1-60091-609-0
4348,"The Laws of Lashon Hara and Rechilus",IBSL859A,9781600915338,9781600915338
4347,"Why We Tremble",IBSL923,9781600916335,9781600916335
4346,"The Parshah and YOU - 2 Volume Set",IBSL760,81600914096,9781600914096
4331,"Towards Meaningful Prayer",IBSL224,78193168142,"9781931681421
"
4328,Teshuvah,IBSL393,81600910692,9781600910692
4298,"More Power Points",IBSL927,9781600916298,"9781600916298
"
4297,"Gems from the Nesivos Shalom: Bereishis",IBSL9322,9781600916311,9781600916311
4296,"Infinity of Torah - Bereishis",IBSL931,9780999288009,9780999288009
4295,"Truth His Every Word - R' Shalomo Zalman Auerbach",IBSC500,9781600916007,9781600916007
4294,"Just Imagine! Your Day in Court",IBSC462FT,9781600915390,9781600915390
4288,"The Metsudah Weekday Siddur Nusach Sefard With A Liniear Translation Full Size",IBSM136,78410000136,
4286,"Halachically Speaking - Volume 1",IBSL388,77410001388,9781600910548
4284,"Torah Tavlin - Yamim Noraim",IBSL559,81600912238,978-1600912238
4283,"The Unique Princess",IBSL555,81598268751,
4208,"Free To Fly ? Or Caught In The Web?",IBSL876DT,9781600915451,9781600915451
4207,"Denver Dreams",IBSR101,74376551809,"9780981556734
"
4205,"Who is the Real Weatherman?",IBSC382,81600913471,9781600913471
4202,"Field of Dreams",IBSL883,9781600915543,9781600915543
4201,"Making A Difference",IBSL934,9781600915994,"9781600915994
"
4200,"Matter of Trust",IBSL849,,"9781600915062
"
4199,"Code One",IBSL825,9781600914706,9781600914706
4198,"Kitzur Halachos: Sukkah & Daled MIninm",IBSL821,781600914560,9781600914560
4195,"The Little Book for Big Worries",IBSL571,81600912092,9781600912092
4193,Musawi,IBSL428,97816009100,9781600910999
4139,"The Code of Jewish Conduct",IBSL396SP,78410000396,9781600910685
4136,"Bless and Be Blessed",IBSL933,9781600916403,9781600916403
4135,"Mystery Island",IBSC493FT,9781600916069,9781600916069
4133,"Right In Front Of Me",IBSC471,9781600915574,9781600915574
4008,"Hello Heddy Levi!",IBS306-8,81600913068,9781600913068
4004,"A Mashal & A Message",IBSC337,81600912207,9781600912207
4002,"View From Ninveh",IBSL493,45826547314,"9781600911583
"
3998,"V'Higadeta - Bereishis",IBSL875ET,9781600915383,9781600915383
3997,"No Room For Two - Hardcover",IBSL929,9781600916243,9781600916243
3996,"Rough Diamonds",IBSL915,9781600915789,9781600915789
3995,"Rav Zvi Kushelevsky on the Torah",IBSL936,9781600915871,9781600915871
3992,"The Ribbis Book",IBSL863,IBSL863,9781600915116
3991,"Plan B",IBSL292,78410002921,"9781931681780
"
3989,"Visions of Virtue",IBSL753,81600914058,9781600914058
3988,"Blood Brothers",IBSL755,81600913938,"9781600913938
"
3986,Maran,IBSL695,81600913402,"9781600913402
"
3985,"Forgive Me",IBSL703,81600913440,"9781600913440
"
3984,"Exploring the Wild World of Animals",IBSL578A,81600912337,9781600912337
3983,Blueprints,IBSL477,97816009114,"9781600911408
"
3982,"Castle Builders",IBSL474,81600911323,9781600911323
3938,"Metsudah Chumash/Rashi - Pocket Size, Slipcased Set - Devarim",IBSM204,,
3937,"Metsudah Chumash/Rashi - Pocket Size, Slipcased Set - Vayikra",IBSM202,,
3933,"Daniel and the Lions",IBSC475,IBSC475,9781600915529
3926,"Silver Linings",IBSL842,9781600915123,"9781600915123
"
3925,"Avrohom Ben Avrohom",F166-7,81600912351,9781600912351
3924,"Am Yisrael Chai",IBSL333,78410003330,
3923,Middos,IBSL335A,84653210231,9781600910036
3922,"A Legacy of Leaders 2",IBSL438,81600910883,"9781600910883
"
3898,"Chafetz Chaim on the Torah - Volume 1",IBSL567,81600912276,9781600912276
3897,"Parsha Potpourri",IBSL575,81600912108,9781600912108
3895,"The Laws of an Eruv",IBSL596,81600912481,9781600912481
3894,"Chafetz Chaim on the Torah - Volume 2",IBSL590,78410000590,9781600912429
3854,"Tech Talk",IBSL940,IBSL940,9781600916342
3794,"Bris Milah Secrets",IBSL451,81600910623,9781600910623
3791,"50 Pathways to Parenting Wisdom",IBSL644,81600912825,9781600912825
3790,"Addicted Soul",IBSL532,81600911972,978-1-60091-197-2
3788,"The Cliff Line",IBSL416,81600910944,"9781600910944
"
3787,"Fundamentals of the Rambam - 2 Volume Set",IBSL305,87451201556,"9781892692191 "
3786,"The Rav Speaks",IBSL194,66410001943,9781880582886
3781,"Recipes From Home",IBSL921,9780999607800,9780999607800
3779,"Gems from the Nesivos Shalom: Shabbos Kodesh",IBSL761,9781600914157,9781600914157
3776,"Culture Shock",334-1,65212547874,9781600913341
3773,"A Tzaddik's Blessing - The Baba Sali",IBSC480A,9781600915666,"9781600915666
"
3772,"Story Solutions #2 - So What?!",IBSC375,81600913228,9781600913228
3771,"Sharing Mommy's Love",IBSC402,81600913655,9781600913655
3770,"All Kinds of Kids",IBSC343,81600912597,9781600912597
3749,"The Beginning",IBSC511A,,
3723,"Picture Perfect",IBSL754,80988814578,9780988814578
3721,"Risky Game",IBSL711,9781600913594,"9781600913594
"
3720,"The Punch Line",IBSL486,81600911484,9781600911484
3675,"Two Kings Volume 1: Let's Go Play",IBSC273,87569529742,9780967348155
3674,"Don't Judge by What You See",IBSC322,81600911552,9781600911552
3673,"Dovid And Golias",IBSC506,9781600916380,9781600916380
3659,"Split Loyalties",IBSL520,81600911897,9781600911897
3614,"Just Imagine! The Miracles in the Midbar",IBSC510FT,9781600916182,9781600916182
3612,"The Exchange",IBSL945DT,9781600916472,9781600916472
3567,"Guilty as Charged",IBSL690,81600913204,"9781600913204
"
3566,"Marriage 911",IBSL622,81600912580,"9781600912580
"
3562,"The Dairy Gourmet",IBSL306,97819316818,9781931681827
3561,"1,001 Questions & Answers - A Jewish Quiz Book (Volume 1)",IBSL392A,78410003920,
3559,Wanted,IBSL902,9781600915819,9781600915819
3558,"With Cords Of Love",IBSL822A,9781600914829,9781600914829
3556,"Lightning Bolts",IBSC354,80988814554,9780988814554
3555,"Moshe Goes To Yeshiva",IBSC331,81600912122,9781600912122
3554,"Hot! Hot! Hot!",IBSC635-2,97816009126,9781600912689
3491,"Cooking with Color - 2 Volumes",IBSL446,81600911057,9781600911057
3484,"From The Shadchan's Wife",IBSL343,78410000343,B0031YMNJ8
3482,"With Help from Above",IBSL414,81600910951,9781600910951
3481,"The Kenya Conspiracy",IBSL830,9781600914614,"9781600914614
"
3480,"Rose Colored Glasses",IBSL835,9781600915000,"9781600915000
"
3479,"It's Amazing! -  Animal Kingdom",IBSL941,9781600916410,9781600916410
3478,"Gems from the Nesivos Shalom: Chanuka",IBSL882,9781600915604,9781600915604
3474,"A Journey With Rabbi Juravel 3",IBSC208B,78410002088,9781931681636
3470,"Finish Line",IBSC495,9781600916151,"9781600916151
"
3375,"Is Dovid Big?",IBSC335,81600912313,9781600912313
3374,"Mendel the Mouse: Welcome Back",IBSC220,78410009220,"9781931681803 "
3371,"1,001 Questions & Answers - A Jewish Quiz Book (Volume 2)",IBSL247A,78436151001,
3368,Stargazing,IBSL880,9781600915512,9781600915512
3366,"Living with Honesty",IBSL871,9781600915482,9781600915482
3365,"Family Fraud",IBSL798,9781600914287,"9781600914287
"
3364,"But I Thought...",IBSL797,9781600914508,9781600914508
3355,"In the Parshah",IBSL637,81600912184,978-1600912184
3354,"Exploring the Wild World - 2 Volume Gift Pack",IBSL639,55441121212,
3352,"When the Clouds Part",IBSL642,81600912795,9781600912795
3339,"1,001 Questions & Answers - A Jewish Quiz Book (Volume 3)",IBSL248A,78410003698,
3338,"Shabbos is Bliss!",IBSL329,78410000329,
3297,"The Lonely Shul",IBSC446,9781600914928,"9781600914928
"
3293,"Kitzur Hilchos Shabbos",IBSL826,9781600914591,"9781600914591
"
3292,"What Is This - Some Kind of Joke?",IBSL800A,9781600914584,"9781600914584
"
3291,"Courtyard of Dreams",IBSL870,9781600915314,9781600915314
3289,"Straight from the Heart",IBSL553A,78944070183,
3258,"Super Social Skills - Volume 2",IBSC310,81600911491,9781600911491
3257,"When They Were Young - Volume 1",IBSC338,81600912320,9781600912320
3252,"Kids...  Will Be Kids",IBSR107,80981556710,9780981566710
3247,"Gems from the Nesivos Shalom: Shemos",IBSL950,9781600916540,9781600916540
3186,"Metsudah Chumash/Rashi - Pocket Size, Slipcased Set - Shemos",IBSM201,,
3182,"Step Into Those Shoes",IBSC498,9781600916113,9781600916113
3181,"The Ambassadors - Beyond the Sambatyon River",IBSC456DT,9781600914485,9781600914485
3180,"Chafetz Chaim on the Torah - 2 Volume Slipcase Set",IBSL677A,9781600912917,9781600912917
3178,"Diamond In The Rough",IBSL436,,"9781600911026
"
3166,"Rav Schwab on Chumash",IBSL696,81600911460,9781600911460
3127,"A Living Sefer Torah - R' Chaim Kanievsky",IBSC457A,9781600915024,"9781600915024 "
3122,Simcha,IBSL381,81600910586,9781600910586
3119,"Halachically Speaking - Volume 2",IBSL455A,81600911262,9781600911262
3118,"The Royal Mission",C372,81600913129,9781600913129
3102,"Bar Mitzvah & Tefillin Secrets",IBSL251,78410003652,9781931681568
3032,"Tehillim Metsudas Avraham With Linear Translation Full Size",IBSM195,,
3023,"Paper Hearts",IBSL928,9781600916250,9781600916250
3022,"Kitzur Hilchos Yom Tov   Y.Y. Posen",IBSL839,9781600914973,9781600914973
3012,"The Shidduch Manual",IBSL651,78410000651,
2926,"Through Music and Song",IBSL525,81600911637,9781600911637
2924,"The Unfinished Diary:  A Chronicle of Tears",IBSL734,81600910654,9781600910654
2923,Nezirah,IBSL804,9781600914386,9781600914386
2921,"Kav HaYashar - 2 Volume Set",IBSM183,78410001830,9781600910395
2919,"V'Higadeta - Vayikra",IBSL954ET,IBSL954,9781600916571
2917,"Awake My Glory",IBSL160Q,78336181005,
2915,"Exploring the Wild World of Animals & Birds",IBSL765,9781600914041,9781600914041
2914,"Story Solutions #7 - Why Things Come to an End",IBSC410DT,81600913969,"9781600913969
"
2913,"What's the Brachah?",IBSC426,9781600914195,9781600914195
2911,"When I Am An Abba",IBSC507,9781600916434,9781600916434
2818,"My Family Is Moving",IBSC492,9781600915963,9781600915963
2817,"The Story of the Baba Sali",IBSC513,9781600916755,9781600916755
2816,"When I Check on You at Night",IBSC381,81600913488,9781600913488
2802,"Life's Ladder",IBSL963,9781600916700,9781600916700
2801,"The Miracle Worker",IBSL943,9781600916465,"9781600916465
"
2799,Faith,IBSL885,9781600915536,9781600915536
2798,"The Chase - Paperback",IBSL872A,9781600915444,"9781600915444
"
2797,Liftoff!,IBSL906,9781600915970,9781600915970
2796,"Role Call",IBSL900,9781600915918,9781600915918
2795,"Gems from Nesivos Shalom - Purim",IBSL891,9781600915857,9781600915857
2774,"Heroes Of Spirit - Paperback",IBSL421A,78410000421,9781600911002
2773,"Torahific - 2 Volume Set",IBSL406,81600910609,9781600910609
2772,"Torahific Volume 1 - Bereishis/Shemos",IBSL312Q,81931681957,9781931681957
2771,"From Bogota to Madrid to Jerusalem",IBSL310,78410003100,"9781931681681
"
2760,"The Rebbe",IBSL479,35696632487,9781600911309
2759,"The Meshulach & other stories",IBSL507A,81600911828,"9781600911828
"
2757,"Torah, Chazal & Science",IBSL638,9781600912436,9781600912436
2756,"Heroes Of Faith",IBSL616,81600912610,9781600912610
2753,"Legacy of Maran Hacham Ovadia Yosef",IBSL640,81600912863,"9781600912863
"
2751,"Torah Tavlin - Volume 2 - Kurz Edition",IBSL469A,81600911354,"9781600911354
"
2601,"Sparkling Speech",IBSL796,9781600914164,9781600914164
2600,"Shabbos Secrets Volume 2",IBSL852,9781600915215,9781600915215
2598,"Towards Meaningful Prayer",IBSL964,9781600916762,9781600916762
2596,"A Life of Torah",IBSC358A,81600912931,9781600912931
2593,"Have an Olomeinu Purim - Volume 1",IBSC394,81878895608,9781878895608
2592,"Just Imagine! The Purim Story Today",IBSC451FT,9781600915031,9781600915031
2590,"Super-Agent Gizmo #1",IBSC511,9781600916397,9781600916397
2589,"Pinky And Slinky At The Table",IBSC508,9781600916458,9781600916458
2588,"The Shabbos Kugel Turnaround",IBSC491A,9781600915895,9781600915895
2572,"The Lost Scotch",IBSL320,78410000320,9781931681940
2570,"The Lost Scotch II",IBSL409,78410000409,9781600910937
2551,"The Decree - A Historical Novel Set During the Persian Rule",IBSL712,81600913600,9781600913600
2550,"Not By Accident",IBSL665,81600913020,"9781600913020
"
2392,"Run After (The Right) Kavod",IBSL526,81600911606,9781600911606
2391,"I'm So Confused, Am I Being Abused?",IBSL521,81600911422,978-1600911422
2390,"Forever With Me",IBSL456,80578048420,9780578048420
2389,"Emergencies in Halachah",IBSL440,81600911125,9781600911125
2361,"Just Imagine! Their Tales in our Times Volume 1",IBSC494FT,IBSC494,9781600916052
2360,"As a Father Cares For His Son - Rav Shach",IBSC520A,9781600916731,"9781600916731
"
2359,"Just Imagine! We Beat the Greeks",IBSC442FT,9781600914874,9781600914874
2358,"Rebbe Mendel: The Zany Inventor",IBSC351,81600912801,9781600912801
2357,"Let's Use Them Right",IBSC350,81600912764,9781600912764
2356,"23 Under 1 Roof - Volume 2: Look Out, London!",IBSC359FT,81600912979,"9781600912979
"
2355,"Your Torah Is My Delight",IBSC380A,81600913365,"9781600913365 "
2351,"The Secret of the Woods",IBSC370,81600913198,9781600913198
2335,"Kitzur Shulchan Aruch - Metsudah - 3 Volume Compact Size Set",IBSM180Q,78410001801,
2333,"Table for Two Cookbook",IBSL854,9781600915192,9781600915192
2332,"Medical Decisions in Halachah",IBSL817,9781600914379,9781600914379
2313,"Moznei Tzedek",IBSL411,81600910968,9781600910968
2285,"The Passover Puzzle",IBSL594,81600912498,"9781600912498
"
2284,"Torah Vodaas Haggadah",IBSL489,81600911514,"9781600911514
"
2283,"Kitzur Halachos Pesach",IBSL713,81600913648,"9781600913648
"
2282,"Torah Tavlin Haggadah",IBSL452,81600911224,
2273,"Haggadah Shel Pesach - Seder Secrets",IBSL275,78410002756,9781931681667
2267,"Seudah Secrets on the Seder",IBSL786,9781600914393,"9781600914393
"
2256,"Ten and a Kid",IBSC261,77410000261,9781600910555
2255,"Timeless Tales: Pesach Comics",IBSC424DT,9781600914270,"9781600914270
"
2254,"Just Imagine! We're Leaving Egypt",IBSC423FT,9781600914256,"9781600914256
"
2253,"The Ambassadors - Time for the Korban Pesach",IBSC485DT,IBSC485,9781600915772
2252,"Just Imagine! Miracles Of Kriyas Yam Suf",IBSC483FT,9781600915703,9781600915703
2251,"Modeh Ani I Thank Hashem",IBSC522,9781600916694,9781600916694
2250,"A Fish On My Pillow and a Whack On My Head",IBSC521,9781600916687,9781600916687
2225,"Let There Be Time",IBSL966,9781600916748,9781600916748
2183,"Once Upon a Siddur",IBSC525DT,9781600916878,"9781600916878
"
2182,"Remarkable Rescue",IBSC524DT,9781600916861,9781600916861
2177,"The Chasam Sofer Haggadah",IBSL969DT,9781600916847,"9781600916847
"
2176,"Price Tags",IBSL972A,9781600916823,9781600916823
2074,"Haggadah Living Lessons",IBSC393,81935949251,
1950,"Just Imagine! We're Going to  the Beis Hamikdash",IBSC466FT,9781600914645,9781600914645
1949,"I'm Hashem's Messenger",IBSC454,9781600915208,9781600915208
1946,"Do You Know What I'm Going to Be?",IBSC263,IBSC263,9781600910616
1941,"Marital Intimacy",IBSL295,78160532141,978-0976196648
1939,"Faith Over Fear",IBSL953,IBSL953,9781600916328
1937,"Born to Rule",IBSL892,9781600915840,9781600915840
1935,"Kinyan Taharah",IBSL811,41000000811,
1934,"Behold A People",IBSL154A,78100099999,
1914,"Sefer Chafetz Chaim English  - Hardcover",IBSL746B,81600913525,"9781600913525
"
1912,"Riding the Waves",IBSL505,81600911620,978-1600911620
1910,"Mazel Tov! It's a Bubby!",IBSL561,81600912177,"9781600912177
"
1897,"Adventures In The Produce Aisle",IBSL415,81600910913,9781600910913
1896,"What Lies Within",IBSL404,97810910852,9781600910852
1895,"Ohel Aryeh",IBSL386,77410001386,978-1600910517
1892,"Ohr Avigdor Duties Of The Mind - Volume 1",IBSL383A,77410000383,
1891,"Nine Out Of Ten",IBSL318A,78193168197,9781931681971
1887,"Shabbos Secrets: The Mysteries Revealed - Volume 1",9781600913426,2051236810,9781931681438
1800,"Tame Your Temper",IBSL787,9781600914409,9781600914409
1799,"The Chase - Hardcover",IBSL872,,9781600915444
1798,"Don't Ask for a Hot Dog!",IBSL895DT,9781600915802,9781600915802
1797,Quicksand,IBSL925,9781600916168,9781600916168
1790,"Dancing In The Rain",IBSL780,81600914232,9781600914232
1785,"My First Sing-Along Siddur",IBSC289A,80615243931,9780615243931
1784,"The Story of the Baal Shem Tov",IBSC448,9781600915109,9781600915109
1783,"House Of Secrets",IBSC473,9781600915628,9781600915628
1782,"Let's Make Shalom",IBSC481DT,9781600915710,9781600915710
1781,"Mrs. Make-a-Mentsch in the Neighborhood",IBSC497,9781600916304,9781600916304
1769,"Cholent Mix",IBSL600A,81600912528,9781600912528
1767,"Zero Hour",IBSL704ET,81600913457,"9781600913457
"
1594,"Practical Guide To Muktze",IBSL339,41000524300,9789655552430
1593,"Torah Tavlin - Volume 1 - Kurz Edition",IBSL398A,81600910777,"9781600910777
"
1588,"Praise My Soul",IBSL157,78410008965,9781931681483
1570,"Shadows On The Moon",IBSL439,81600911156,9781600911156
1569,"Between Teens",IBSL718,81600913624,9781600913624
1567,"The Group",IBSL634,81600912603,"9781600912603
"
1566,"Close to Home",IBSL629,81600912702,9781600912702
1565,"The Shul Boy",IBSL697,81600913396,"9781600913396
"
1541,"Round Trip",IBSC519,9781600916533,9781600916533
1540,"The Funny Things They Say - Volume 5",IBSC518,9781600916724,9781600916724
1539,"23 Under 1 Roof Volume 7: The Savings Plan",IBSC516FT,9781600916205,9781600916205
1538,"Let's Break Bad Habits",IBSC514DT,9781600916588,"9781600916588
"
1537,"Middos Man Volume 5",IBSC512,9781600916427,9781600916427
1536,"It All Begins At Home",IBSC501DT,9781600916274,9781600916274
1535,"Enemy Schemes",IBSC496,9781600916106,9781600916106
1534,"23 Under 1 Roof Volume 6: The Detective Club",IBSC478FT,9781600915727,9781600915727
1533,"Sarala's Song",IBSC487,9781600915758,9781600915758
1532,"The Accidental Detective",IBSC486,9781600915925,9781600915925
1531,"Indoor Fishing",IBSC469,9781600915598,9781600915598
1530,"Right Left Right",IBSC464,9781600915260,"9781600915260
"
1529,"23 Under 1 Roof  Volume 5: Unraveled Travels",IBSC450FT,9781600915048,9781600915048
1528,"All Aboard to Fairville",IBSC460,9781600915307,9781600915307
1526,"Middos Man Volume 4",IBSC453C,9781600914959,9781600914959
1524,"The Carpool Clan - Book One: Speed Bumps",IBSC347,81600912696,9781600912696
1523,"Escape From Egypt",IBSC365,78410000365,"132700000032
"
1522,"My First Haggadah",IBSC364,81600913099,"9781600913099
"
1521,"From Darkness To Light",IBSC363,81600913082,9781600913082
1520,"Middos Man Volume 1",IBSC349C,81600912573,"9781600912573
"
1519,"23 Under 1 Roof Volume 1: The Big Surprise",IBSC333FT,9781600912160,9781600912160
1517,"Doda Golda Comes for Pesach",IBSC329,81600911958,"9781600911958
"
1509,"Friendly Fire",IBSL824ET,9781600914782,9781600914782
1507,"The Double Life Of Chani Greenberg",IBS196,54632652323,"9781600910081
"
1494,"V'Higadeta Pesach Haggadah",IBSL782ET,81600914263,9781600914263
1489,"Break Through",IBSL930,9781600916267,9781600916267
1487,"The Dubno Maggid Haggadah",IBSL904DT,9781600915833,"9781600915833
"
1485,"The Chafetz Chaim Haggadah",IBSL847DT,9781600915093,9781600915093
1484,"Therapy Shmerapy",IBSL846,9781600915147,9781600915147
1483,"Gems from the Nesivos Shalom: Chag Hapesach and Sefiras Ha'omer",IBSL843,9781600915161,9781600915161
1482,"Pesach While You Sleep",IBSL841,9781600915154,
1481,"Mind Over Man",IBSL838,9781600914966,9781600914966
1480,"Silent Storms",IBSL823,9781600914805,"9781600914805
"
1448,"A Journey With Rabbi Juravel 1",IBSC185B,78193168137,"9781931681377 "
1445,"Every Man A Slave",TMSEMASCS,80967704432,"9780967704432
"
1421,"Super Social Skills",IBSC287,81600911132,9781600911132
1420,"The Funny Things They Say - Volume 2",IBSC283A,9781600911019,"9781600911019
"
1419,"Kivi & Tuki... All of a Sudden!",IBSC256A,78410000256,
1416,"I Can't Fall Asleep",IBSC391,81600913587,"9781600913587
"
1415,"23 Under 1 Roof - Volume 3: Under Renovation",IBSC390FT,81600913563,"9781600913563
"
1414,"Middos Man Volume 2",IBSC384C,81600913266,"9781600913266
"
1413,"The Carpool Clan - Book Three: Crash Course",IBSC378,81600913433,"9781600913433 "
1412,"Story Solutions #1 - At Night",IBSC374DT,81600913242,"9781600913242
"
1411,"The Carpool Clan - Book Two: Crossroads",IBSC366,81600913112,9781600913112
1410,"Story Solutions #6 - The Day I Got Lost",IBSC409,81600913976,978-1-60091-397-6
1409,"Miri on Top",IBSC405,81600913990,9781600913990
1408,"Robot World",IBSC404,81600913877,9781600913877
1407,"The Funny Things They Say - Volume 4",IBSC452A,9781600915130,"9781600915130
"
1406,"Every Minute Counts!",IBSC444,9781600914850,9781600914850
1405,"Mitzvah Dolls",IBSC441,9781600914775,9781600914775
1404,"Over the Gate",IBSC431,9780986439445,9780986439445
1403,"The Gratitude Game",IBSC425,9781600914416,9781600914416
1402,"23 Under 1 Roof - Volume 4: The New House",IBSC421FT,81600914294,"9781600914294
"
1401,"I'm So Special ...and So Are You",IBSC459,IBSC459,9781600915277
1400,"When I am a Mommy",IBSC463A,9781600915284,9781600915284
1399,"The Story of Sarah Schenirer",IBSC467,9781600915369,9781600915369
1398,"Bike for Sale",IBSC488,9781600915741,9781600915741
1397,"Kaila Kvetches No More  M. Jakubowicz",IBSC499,9781600916120,9781600916120
1373,"The Heart of Emunah",IBSL799,9781600913853,"9781600913853
"
1372,"Curtain Call",IBSL789,9781600914423,9781600914423
1371,"No Place Like Home",IBSL869DT,9781600915420,9781600915420
1370,"Stolen Dreams",IBSL873,9781600915413,9781600915413
1369,"Face Value",IBSL897,9781600915765,9781600915765
1368,"Out of the Box",IBSL896,9781600915888,9781600915888
1367,"Invisible Ties",IBSL905,9781600915673,9781600915673
1366,"Sar HaTorah - The Tchebiner Rav",IBSL901DT,9781600915697,9781600915697
1365,"Sisters Under Siege",IBSL907,,9781600915987
1358,Petals,IBSL784DT,9781600914225,9781600914225
1324,"Sing, You Righteous",IBSL159Q,78180001080,
1303,"The Funny Things They Say - Volume 3",IBSC299A,9781600911378,"9781600911378
"
1257,Caravan,IBSL694,81427696038,"9781427696038
"
1256,"Behind The Scenes",IBSL666A,65232145236,"9781600913013
"
1255,"Enough is Enough",IBSL661,81600912955,9781600912955
1254,"Faith & Flight",IBSL612,81600912283,9781600912283
1253,"Gone West",IBSL611,80967704463,"9780967704463
"
1252,"Reality Check",IBSL606,81600912559,"9781600912559
"
1251,"Beyond the Wedding Ring",IBSL577,81600911101," 978-1-60091-110-1"
1250,"Full Harvest",IBSL569,81427695338,"9781427695338
"
1249,"Tatteh Said Run!",IBSL545,81600912146,"9781600912146
"
1248,"Alone in Africa",IBSL541,81600912085,9781600912085
1247,"This is America!",IBSL531,81600911965,9781600912894
1245,"The Freedom to Be",IBSL515,81600911873,"9781600911873
"
1244,"Portraits of Prayer - Volume 1",IBSL709,81600912887,"9781600912887
"
1242,"Modeling Clay",IBSL719,81600913723,"9781600913723
"
1240,"Double Check",IBSL459,26325644532,9781600911293
1087,"It's All in Your Mind - Volume 2",MSKI34589,,
899,"Gems from the Nesivos Shalom: Pirkei Avos",IBSL716,81600913686,"9781600913686
"
898,"The Secrets of the Stars",IBSL524,81600911477,9781600911477
897,"Ben Ish Hai",IBSL501,81600911255,"9781600911255
"
896,"Power Points",IBSL508,81600911569,"9781600911569
"
895,"The Shomer Shabbos Israel Travel Guide",IBSL454,78410000454,
893,"Rejoice O Youth!",IBSL769,78336181001,"9781600913785
"
885,"Pirkei Machshava - Thoughts for a Jewish Home",IBSL374,87410001374,
883,"Pirkei Machshavah: Thoughts for a Jewish Heart",IBSL321,78410003210,
882,"Lamed Vav: A Collection of Favorite Stories of Rabbi Shlomo Carlebach",IBSL268,78410002694,9781931681650
859,"Kitzur Shulchan Aruch - Metsudah - 2 Volume Set",IBSM118B,78123007100,
858,"Dictionary Harduf - English / Yiddish",IBSH112Q,78410003108,
857,"Baron Korff",9781600912252,,978-1600912252
856,"From Sarah To Sarah",IBSL609,35656565852,"9781600912535
"
855,"The Submarine Sailed At Midnight - Comic",IBSC502FT,9781600916212,"9781600916212
"
854,"The Girl Who Escaped the Convent",IBSC472FT,9781600915550,9781600915550
853,"Ways Of The Wise Volume 1",IBSC468,9781600915239,9781600915239
852,"Manny in a Pickle",IBSC465,9781600915253,9781600915253
851,"I Can't Wait for Shabbos",IBSC449,9781600915017,"9781600915017
"
850,"Story Solutions #4 - My Baby Sister",IBSC407,81600913235,"9781600913235
"
849,"Middos Man Volume 3 - WIth CD",IBSC406C,81600913884,"9781600913884
"
848,"Hashem's Candy Store",IBSC392,9781600913518,9781600913518
847,"Goodbye, Thumb-Sucking!",IBSC348,81600912665,9781600912665
846,"I Can Go By Myself",IBSC340,81600912368,"9781600912368
"
836,"On Their Derech",IBSL947DT,9781600916519,9781600916519
835,"No Room For Two - Paperback",IBSL929A,,"9781600916717
"
833,"For This I Had to Grow Up",IBSL908B,9781600916021,9781600916021
832,"What's the Halachah?",IBSL874,9781600914836,9781600914836
831,"Sefer Chafetz Chaim English - Paperback - Pocket Size",IBSL866,9781600914980,9781600914980
830,"Good Behavior",IBSL868DT,9781600915406,9781600915406
829,"Chutes and Ladders",IBSL855,9781600915222,9781600915222
54,"Shadow Warrior",IBSL968ET,9781600916854,9781600916854
53,"Hot Dog's Revenge",IBSL967DT,9781600916632,9781600916632
52,Eyewitness,IBSL961DT,9781600916229,9781600916229
51,"Once Upon An Invention",IBSL960DT,9781600916656,9781600916656
50,"Separate Orbits",IBSL955DT,9781600916199,9781600916199
49,Cliffhangers,IBSL946,9781600916496,9781600916496
12,Metamorphosis,IBSL957,9781600916564,9781600916564
11,"The Rosh Yeshiva",IBSL962DT,9781600916175,9781600916175
